Voltage (V),Current (A),Power (W),Resistance (Î©),Capacity used (mAh),Discharge Time (s)
4.197969,0.0,0.0,0.0,0,-5
4.198148,0.0,0.0,0.0,0,-4
4.198864,0.0,0.0,0.0,0,-3
4.19864,0.0,0.0,0.0,0,-2
4.198819,0.0,0.0,0.0,0,-1
4.097505,7.499577,29.771557,0.529317,0,0
3.950317,7.49998,29.626904,0.52662,2,1
3.940749,7.499268,29.538137,0.52518,4,2
3.931941,7.500028,29.49172,0.524221,6,3
3.923223,7.49911,29.424774,0.523252,8,4
3.916695,7.499537,29.386711,0.522422,10,5
3.911598,7.499529,29.335024,0.521673,12,6
3.908647,7.498643,29.30776,0.521151,14,7
3.902343,7.499173,29.264761,0.520282,16,8
3.901248,7.499264,29.259648,0.520166,18,9
3.900152,7.499355,29.254536,0.520051,20,10
3.896307,7.4993,29.216955,0.51964,22,11
3.89121,7.499363,29.195517,0.518841,24,12
3.8896,7.49979,29.170118,0.518441,27,13
3.885174,7.500194,29.137697,0.518087,29,14
3.879809,7.499237,29.095657,0.517368,31,15
3.877171,7.498754,29.074102,0.517062,33,16
3.873728,7.499553,29.055099,0.516532,35,17
3.871269,7.499134,29.021595,0.516118,37,18
3.868005,7.498754,29.006712,0.515737,39,19
3.867782,7.499031,29.00681,0.515759,41,20
3.867558,7.499308,29.006907,0.515782,43,21
3.863936,7.500012,28.99218,0.515397,45,22
3.863176,7.499577,28.967609,0.51493,47,23
3.859465,7.499094,28.949932,0.514654,49,24
3.857095,7.498873,28.931917,0.514145,52,25
3.852714,7.499086,28.892292,0.513731,54,26
3.851328,7.499213,28.872692,0.51339,56,27
3.849226,7.498556,28.860441,0.513046,58,28
3.847483,7.49896,28.83423,0.512748,60,29
3.842878,7.498983,28.826241,0.512862,62,30
3.843638,7.499027,28.827916,0.512752,64,31
3.844398,7.499071,28.82959,0.512641,66,32
3.842386,7.499189,28.813074,0.512191,68,33
3.839792,7.49934,28.802795,0.512301,70,34
3.83939,7.499221,28.787741,0.512066,72,35
3.836842,7.49877,28.779762,0.511593,74,36
3.833801,7.498525,28.750101,0.511158,77,37
3.831476,7.49839,28.726728,0.510998,79,38
3.83085,7.498271,28.72777,0.510812,81,39
3.829688,7.498723,28.698246,0.510513,83,40
3.826558,7.498857,28.704334,0.510303,85,41
3.827206,7.498956,28.706809,0.510436,86,42
3.827855,7.499054,28.709284,0.51057,87,43
3.826335,7.498936,28.692759,0.510264,91,44
3.82544,7.499221,28.686953,0.510096,93,45
3.823294,7.498691,28.689854,0.509855,95,46
3.8224,7.499743,28.673254,0.509831,97,47
3.818957,7.498635,28.650978,0.509316,99,48
3.817795,7.498382,28.627571,0.509129,102,49
3.816767,7.498485,28.621861,0.508874,104,50
3.816006,7.498485,28.612329,0.508915,106,51
3.814129,7.498414,28.602295,0.50874,108,52
3.814532,7.49892,28.608383,0.508795,109,53
3.814934,7.499426,28.614471,0.508849,110,54
3.814173,7.499228,28.611271,0.508704,114,55
3.815068,7.498454,28.589029,0.508583,116,56
3.811401,7.499149,28.595507,0.508253,118,57
3.810865,7.499569,28.588911,0.508096,120,58
3.80854,7.49843,28.553892,0.507883,122,59
3.807333,7.498754,28.545921,0.507657,124,60
3.807512,7.498327,28.543764,0.507723,127,61
3.805678,7.499015,28.541508,0.507666,129,62
3.80617,7.498271,28.545843,0.507828,131,63
3.805812,7.499003,28.54845,0.507658,133,64
3.805455,7.499735,28.551056,0.507488,135,65
3.805589,7.498446,28.532297,0.507465,137,66
3.804158,7.497923,28.528748,0.507376,139,67
3.803443,7.499031,28.533045,0.507344,141,68
3.801923,7.498897,28.520168,0.507066,143,69
3.801565,7.498746,28.506859,0.506826,145,70
3.799687,7.498003,28.490969,0.50669,147,71
3.798927,7.498153,28.481558,0.506659,149,72
3.799598,7.498097,28.476595,0.506583,152,73
3.796289,7.497979,28.48245,0.506584,154,74
3.79801,7.498446,28.475657,0.506476,156,75
3.799732,7.498912,28.468864,0.506367,158,76
3.799464,7.49873,28.476086,0.506356,160,77
3.797451,7.498849,28.487251,0.506404,162,78
3.795753,7.49854,28.469341,0.506397,164,79
3.795395,7.499023,28.459702,0.50599,166,80
3.79298,7.498794,28.457222,0.505843,168,81
3.792578,7.498675,28.438372,0.505834,170,82
3.793562,7.498556,28.432497,0.505859,172,83
3.791058,7.498343,28.436184,0.505751,174,84
3.790432,7.497979,28.435368,0.505721,177,85
3.791997,7.498093,28.43427,0.505748,179,86
3.793562,7.498208,28.433172,0.505776,181,87
3.792578,7.499237,28.428417,0.505728,183,88
3.791684,7.499173,28.427437,0.505555,185,89
3.790477,7.499221,28.427252,0.505724,187,90
3.789135,7.498659,28.405207,0.505221,189,91
3.787347,7.498446,28.398087,0.505125,191,92
3.786587,7.498493,28.393318,0.504938,193,93
3.786632,7.498003,28.391287,0.505203,195,94
3.786095,7.498588,28.392546,0.505009,197,95
3.785872,7.49873,28.403347,0.505071,199,96
3.786878,7.498829,28.404609,0.505011,202,97
3.787884,7.498928,28.40587,0.504951,204,98
3.784933,7.499118,28.408226,0.505139,206,99
3.785558,7.498785,28.398935,0.504862,208,100
3.785111,7.498928,28.394247,0.504851,210,101
3.783994,7.498611,28.375639,0.504499,212,102
3.782027,7.498263,28.364241,0.504601,214,103
3.783681,7.498651,28.356878,0.504184,216,104
3.783614,7.498457,28.356036,0.504218,218,105
3.783547,7.498263,28.355194,0.504252,220,106
3.782429,7.49826,28.358447,0.504309,221,107
3.781311,7.498256,28.3617,0.504367,222,108
3.782116,7.498611,28.358231,0.504381,227,109
3.78073,7.498999,28.346716,0.504133,229,110
3.780909,7.49873,28.351576,0.503982,231,111
3.779836,7.498738,28.342422,0.504013,233,112
3.779523,7.497876,28.333275,0.503844,235,113
3.777913,7.49824,28.339819,0.503671,237,114
3.777779,7.498074,28.328539,0.503918,239,115
3.777287,7.498572,28.324556,0.50379,241,116
3.777198,7.49771,28.323753,0.5037,243,117
3.776616,7.498042,28.317171,0.50383,245,118
3.776862,7.498382,28.323834,0.503813,247,119
3.777108,7.498723,28.330496,0.503796,249,120
3.776795,7.498723,28.326038,0.503851,252,121
3.777064,7.498936,28.322294,0.503481,254,122
3.775856,7.498635,28.318644,0.5035,256,123
3.773308,7.498256,28.296209,0.503255,258,124
3.772906,7.498074,28.291874,0.503226,260,125
3.773621,7.497813,28.298939,0.503206,262,126
3.772727,7.498604,28.289934,0.503243,264,127
3.772816,7.498208,28.286558,0.503199,266,128
3.773487,7.498501,28.303289,0.503367,268,129
3.773554,7.498659,28.296133,0.503322,270,130
3.773621,7.498817,28.288977,0.503277,272,131
3.773353,7.498509,28.297922,0.503088,274,132
3.773263,7.498437,28.290735,0.503121,277,133
3.772414,7.498706,28.282776,0.502966,279,134
3.771609,7.498588,28.270735,0.502936,281,135
3.767272,7.497623,28.268082,0.502861,283,136
3.769195,7.4982,28.25886,0.502666,285,137
3.767674,7.498509,28.268009,0.502765,287,138
3.768613,7.498121,28.251701,0.502642,289,139
3.769016,7.498358,28.261323,0.502768,290,140
3.769418,7.498596,28.270945,0.502894,291,141
3.768971,7.498936,28.269381,0.502594,295,142
3.769552,7.49854,28.267078,0.5026,297,143
3.7683,7.497939,28.264151,0.502647,299,144
3.767808,7.498809,28.261312,0.502607,302,145
3.766423,7.497987,28.235683,0.502338,304,146
3.765484,7.498327,28.219614,0.502228,306,147
3.765841,7.497979,28.236458,0.502207,308,148
3.764768,7.497987,28.240839,0.502104,310,149
3.763784,7.498596,28.233286,0.50206,312,150
3.764969,7.498532,28.238008,0.502072,314,151
3.766154,7.498469,28.242731,0.502085,316,152
3.765439,7.498303,28.237024,0.502145,318,153
3.764097,7.499426,28.240181,0.502223,320,154
3.76365,7.499197,28.22785,0.50203,322,155
3.764813,7.498564,28.226547,0.501931,324,156
3.762354,7.498034,28.205191,0.501747,327,157
3.76298,7.498604,28.198006,0.501532,329,158
3.760968,7.498137,28.21793,0.501621,331,159
3.759179,7.49828,28.192608,0.501432,333,160
3.761013,7.497947,28.20311,0.50148,335,161
3.761438,7.498268,28.207825,0.501588,337,162
3.761862,7.498588,28.21254,0.501697,339,163
3.762041,7.49824,28.205919,0.501667,341,164
3.761549,7.498833,28.204891,0.501606,343,165
3.761236,7.498137,28.198893,0.501427,345,166
3.761013,7.498762,28.196011,0.501493,347,167
3.759582,7.498026,28.183126,0.501356,349,168
3.75748,7.498185,28.178652,0.501266,352,169
3.757525,7.497813,28.176554,0.501276,354,170
3.756765,7.49839,28.172447,0.501142,356,171
3.75748,7.498303,28.163942,0.501045,358,172
3.757592,7.498216,28.170608,0.501048,360,173
3.757704,7.498129,28.177273,0.501051,362,174
3.75824,7.498422,28.185137,0.50127,364,175
3.756899,7.49805,28.173679,0.501035,366,176
3.757749,7.498327,28.179039,0.501244,368,177
3.757391,7.498596,28.163433,0.500757,370,178
3.754708,7.498003,28.146849,0.500756,372,179
3.753725,7.498525,28.156052,0.500567,374,180
3.75292,7.498287,28.146526,0.500578,377,181
3.754306,7.498651,28.1441,0.500642,379,182
3.753233,7.498525,28.136946,0.50037,381,183
3.753948,7.498486,28.141976,0.500536,383,184
3.754663,7.498446,28.147005,0.500701,385,185
3.755468,7.498683,28.144154,0.500653,387,186
3.753993,7.49896,28.149965,0.500645,389,187
3.755021,7.498794,28.143463,0.500497,391,188
3.753367,7.498817,28.13822,0.500317,393,189
3.752294,7.498501,28.118969,0.500253,395,190
3.750505,7.498485,28.120327,0.500146,397,191
3.74979,7.498026,28.122208,0.500179,399,192
3.750461,7.498446,28.119944,0.500255,402,193
3.749835,7.498074,28.123735,0.500322,404,194
3.750461,7.498307,28.124109,0.500384,406,195
3.751087,7.49854,28.124483,0.500445,408,196
3.750461,7.498533,28.130201,0.500214,410,197
3.749567,7.498145,28.118494,0.5,412,198
3.751221,7.498311,28.117018,0.499976,414,199
3.748583,7.498809,28.110073,0.499984,416,200
3.747018,7.49809,28.094145,0.499877,418,201
3.746258,7.497433,28.096371,0.499779,420,202
3.74675,7.4982,28.088356,0.499724,422,203
3.746705,7.498018,28.086081,0.49939,424,204
3.74637,7.498102,28.093077,0.499594,426,205
3.746034,7.498185,28.100073,0.499799,427,206
3.748762,7.498667,28.093309,0.499644,431,207
3.746839,7.498699,28.095079,0.499541,433,208
3.746526,7.498335,28.090067,0.499786,435,209
3.746213,7.497947,28.099422,0.499696,437,210
3.744291,7.49809,28.073393,0.499139,439,211
3.742279,7.498026,28.075382,0.499234,441,212
3.742055,7.498271,28.062645,0.499209,443,213
3.743665,7.497805,28.068531,0.499144,445,214
3.742458,7.498327,28.065334,0.499176,447,215
3.743531,7.498268,28.06732,0.49912,450,216
3.744604,7.498208,28.069305,0.499063,452,217
3.741966,7.498857,28.075613,0.499192,454,218
3.743888,7.497987,28.070915,0.499277,456,219
3.742592,7.497828,28.069496,0.499228,458,220
3.743352,7.498248,28.060295,0.499066,460,221
3.74049,7.497504,28.049154,0.498908,462,222
3.739998,7.497892,28.05518,0.498907,464,223
3.73973,7.498003,28.034758,0.498721,466,224
3.738657,7.498082,28.038101,0.498908,468,225
3.740043,7.498422,28.036465,0.498986,470,226
3.739909,7.498532,28.041074,0.49884,472,227
3.739775,7.498643,28.045683,0.498694,474,228
3.73973,7.49824,28.043928,0.498691,477,229
3.740267,7.498113,28.04307,0.498688,479,230
3.740848,7.498446,28.03874,0.498742,481,231
3.739149,7.498556,28.031919,0.498351,483,232
3.73736,7.497868,28.018391,0.498336,485,233
3.736913,7.49888,28.013893,0.498349,487,234
3.7366,7.497955,28.010303,0.498423,489,235
3.73669,7.497678,28.017818,0.498336,491,236
3.73669,7.497971,28.029955,0.498425,493,237
3.737048,7.498402,28.027306,0.498356,495,238
3.737405,7.498833,28.024658,0.498287,497,239
3.737405,7.498287,28.016783,0.498137,499,240
3.735393,7.498208,28.020164,0.498377,502,241
3.734857,7.498604,28.004843,0.497942,504,242
3.73441,7.497821,27.993248,0.49784,506,243
3.732889,7.497931,27.994644,0.498117,508,244
3.733471,7.497473,27.988821,0.497784,510,245
3.731682,7.497963,27.980104,0.497745,512,246
3.731995,7.497734,27.988335,0.497652,514,247
3.7328,7.498102,27.995311,0.497801,516,248
3.733605,7.498469,28.002287,0.49795,518,249
3.733337,7.498311,27.982016,0.497615,520,250
3.73432,7.498121,27.992662,0.497809,522,251
3.732889,7.498343,27.985294,0.497745,524,252
3.731772,7.498366,27.984379,0.497757,526,253
3.729805,7.497884,27.956268,0.497552,529,254
3.730252,7.49737,27.967539,0.497518,531,255
3.72967,7.497987,27.972361,0.497465,533,256
3.72976,7.497654,27.976286,0.497315,535,257
3.727971,7.497916,27.957642,0.497431,537,258
3.729022,7.4979,27.9612,0.497472,539,259
3.730073,7.497884,27.964758,0.497512,541,260
3.73052,7.498738,27.968609,0.497423,543,261
3.729313,7.498549,27.971582,0.497251,545,262
3.72891,7.499347,27.970043,0.497382,547,263
3.728106,7.498374,27.965359,0.497317,549,264
3.726451,7.49767,27.944818,0.497084,551,265
3.725646,7.498295,27.951353,0.496866,554,266
3.725959,7.497828,27.950861,0.497045,556,267
3.725512,7.498849,27.934809,0.496792,558,268
3.724618,7.497749,27.931913,0.496863,560,269
3.725378,7.498465,27.93957,0.496955,562,270
3.726138,7.499181,27.947226,0.497047,564,271
3.726451,7.497987,27.948423,0.496896,566,272
3.726049,7.498303,27.928665,0.496756,568,273
3.726004,7.498699,27.936163,0.496967,570,274
3.725333,7.498437,27.935175,0.496745,572,275
3.723545,7.498074,27.9161,0.496554,574,276
3.72312,7.498177,27.916063,0.4966,576,277
3.722695,7.49828,27.916025,0.496645,579,278
3.722293,7.498192,27.898289,0.496411,581,279
3.721354,7.498263,27.924173,0.4966,583,280
3.722293,7.498639,27.92721,0.496596,585,281
3.723232,7.499015,27.930248,0.496593,587,282
3.723411,7.498469,27.913212,0.496546,589,283
3.722785,7.498635,27.916737,0.496621,591,284
3.721801,7.498604,27.915623,0.496447,593,285
3.719521,7.498382,27.895201,0.496035,595,286
3.719476,7.498248,27.889246,0.496145,597,287
3.719074,7.498335,27.89147,0.496101,599,288
3.718806,7.498485,27.899441,0.495904,601,289
3.720505,7.497955,27.885359,0.496101,604,290
3.718314,7.498437,27.894484,0.496141,606,291
3.719052,7.498489,27.897633,0.496086,608,292
3.719789,7.49854,27.900782,0.496031,610,293
3.720147,7.498525,27.891127,0.496102,612,294
3.71733,7.498097,27.882828,0.495878,614,295
3.720147,7.498596,27.871964,0.496146,616,296
3.717062,7.498121,27.868805,0.495746,618,297
3.715721,7.497718,27.859776,0.495585,620,298
3.716794,7.498509,27.858011,0.49552,622,299
3.715631,7.498271,27.860989,0.495572,624,300
3.715318,7.498422,27.860453,0.495522,626,301
3.715318,7.498528,27.861029,0.495599,628,302
3.715318,7.498635,27.861605,0.495677,631,303
3.717241,7.498303,27.860964,0.495589,633,304
3.716391,7.49888,27.868269,0.495632,635,305
3.715452,7.4982,27.849159,0.495447,637,306
3.714916,7.498295,27.856422,0.495106,639,307
3.714558,7.497591,27.841848,0.495185,641,308
3.712859,7.498018,27.84506,0.495276,643,309
3.712099,7.497979,27.84021,0.495245,645,310
3.710445,7.498161,27.833059,0.495044,647,311
3.713038,7.497607,27.832008,0.494955,649,312
3.712994,7.497832,27.838273,0.495058,652,313
3.712949,7.498058,27.844538,0.495162,654,314
3.712368,7.498327,27.841861,0.495077,656,315
3.711786,7.498596,27.839184,0.494991,658,316
3.711473,7.498295,27.838614,0.495016,660,317
3.712233,7.498501,27.832687,0.494955,662,318
3.709953,7.4979,27.814945,0.494722,664,319
3.709595,7.49854,27.82354,0.494843,666,320
3.710132,7.498311,27.807287,0.49479,668,321
3.709819,7.49854,27.803762,0.494642,670,322
3.710355,7.498319,27.805054,0.494588,672,323
3.71049,7.498315,27.808334,0.494672,674,324
3.710624,7.498311,27.811613,0.494757,676,325
3.710311,7.498311,27.814003,0.494609,679,326
3.70888,7.498604,27.813204,0.494532,681,327
3.708388,7.498572,27.805393,0.494585,683,328
3.708835,7.499023,27.813105,0.494734,685,329
3.707226,7.498327,27.796043,0.494364,687,330
3.706421,7.498224,27.787022,0.494252,689,331
3.706689,7.498706,27.777885,0.494186,691,332
3.705035,7.498058,27.782614,0.494066,693,333
3.704811,7.497394,27.788771,0.494338,695,334
3.705705,7.497967,27.794724,0.494319,697,335
3.7066,7.49854,27.800678,0.4943,699,336
3.705169,7.498026,27.776543,0.494238,701,337
3.705571,7.498382,27.781601,0.494164,704,338
3.706018,7.498675,27.784624,0.494291,706,339
3.70499,7.498351,27.781662,0.494051,708,340
3.703023,7.498398,27.763851,0.493765,710,341
3.70271,7.4979,27.763046,0.493834,712,342
3.701547,7.498351,27.75634,0.493774,714,343
3.701592,7.498224,27.752047,0.493612,716,344
3.700698,7.498303,27.758463,0.493784,718,345
3.702174,7.498489,27.765198,0.493832,720,346
3.703649,7.498675,27.771933,0.493881,722,347
3.703649,7.498509,27.770512,0.493937,724,348
3.702486,7.498256,27.757006,0.493682,726,349
3.702889,7.498256,27.757669,0.493846,729,350
3.701011,7.497725,27.753222,0.493543,731,351
3.699401,7.497828,27.736197,0.493279,733,352
3.699312,7.497211,27.732765,0.493288,735,353
3.698999,7.498216,27.738497,0.493315,737,354
3.698105,7.498161,27.720734,0.493187,739,355
3.698731,7.498323,27.733942,0.493348,740,356
3.699357,7.498485,27.74715,0.493509,741,357
3.699982,7.498714,27.741844,0.493365,745,358
3.697702,7.498058,27.730621,0.493175,747,359
3.698418,7.49839,27.73192,0.493169,749,360
3.699446,7.498446,27.721403,0.493173,751,361
3.696763,7.498026,27.707178,0.492763,754,362
3.695199,7.498667,27.713322,0.492969,756,363
3.694528,7.498351,27.718981,0.492992,758,364
3.695154,7.49805,27.699205,0.492565,760,365
3.692963,7.498477,27.704992,0.492824,762,366
3.694617,7.498671,27.714027,0.49282,764,367
3.696271,7.498865,27.723061,0.492817,766,368
3.695869,7.498533,27.708784,0.49285,768,369
3.695333,7.498026,27.710096,0.492741,770,370
3.695959,7.498794,27.697821,0.492678,772,371
3.693812,7.499331,27.699619,0.492615,774,372
3.691756,7.498232,27.691145,0.492569,776,373
3.692918,7.498034,27.691113,0.492481,779,374
3.693365,7.498319,27.678492,0.492495,781,375
3.692113,7.497813,27.684002,0.492407,783,376
3.690772,7.498287,27.683563,0.492376,785,377
3.69218,7.498398,27.689271,0.49251,786,378
3.693589,7.498509,27.694979,0.492644,787,379
3.693097,7.498501,27.69491,0.492401,791,380
3.693142,7.498509,27.681671,0.49229,793,381
3.691979,7.498564,27.685635,0.492382,795,382
3.692695,7.498493,27.677914,0.492138,797,383
3.689341,7.498311,27.66087,0.49206,799,384
3.688671,7.498501,27.648464,0.492005,801,385
3.688045,7.49786,27.649092,0.491866,804,386
3.688671,7.497916,27.644632,0.491697,806,387
3.688358,7.498414,27.645987,0.491795,808,388
3.688984,7.49871,27.653356,0.491877,810,389
3.68961,7.499007,27.660725,0.491959,812,390
3.689028,7.498762,27.656485,0.491985,814,391
3.688045,7.49873,27.652721,0.49176,816,392
3.68639,7.498825,27.650215,0.491974,818,393
3.687687,7.49862,27.65316,0.491759,820,394
3.685541,7.498406,27.633408,0.491445,822,395
3.684378,7.497876,27.624006,0.491288,824,396
3.685362,7.498469,27.6229,0.491549,826,397
3.685004,7.498454,27.624603,0.491363,829,398
3.683439,7.498248,27.630056,0.491564,831,399
3.684266,7.498644,27.633918,0.491588,833,400
3.685094,7.499039,27.637781,0.491611,835,401
3.684826,7.498635,27.632563,0.491454,837,402
3.685049,7.49854,27.628323,0.491091,839,403
3.685049,7.499071,27.639706,0.49133,841,404
3.682679,7.498525,27.627302,0.491278,843,405
3.680802,7.498366,27.612186,0.49094,845,406
3.681606,7.497591,27.60338,0.490829,847,407
3.681025,7.497844,27.594254,0.490925,849,408
3.679595,7.498437,27.599669,0.490707,851,409
3.681472,7.49809,27.612841,0.491214,854,410
3.68174,7.498442,27.609445,0.491043,856,411
3.682009,7.498794,27.606049,0.490873,858,412
3.682277,7.498968,27.616091,0.490958,860,413
3.681517,7.49911,27.607416,0.49096,862,414
3.680891,7.498746,27.597342,0.490781,864,415
3.679326,7.499118,27.603903,0.490574,866,416
3.678298,7.49824,27.574068,0.490394,868,417
3.676688,7.498549,27.575378,0.490536,870,418
3.677448,7.498058,27.571659,0.490318,872,419
3.67794,7.498129,27.568996,0.490459,874,420
3.678141,7.498485,27.577026,0.490476,876,421
3.678343,7.498841,27.585056,0.490493,879,422
3.678387,7.498588,27.582449,0.490413,881,423
3.677001,7.499395,27.573147,0.490519,883,424
3.677806,7.498437,27.56745,0.490107,885,425
3.675123,7.498841,27.568336,0.490322,887,426
3.675704,7.498011,27.550766,0.490092,889,427
3.674944,7.497773,27.554083,0.490001,891,428
3.674184,7.497955,27.554409,0.490054,893,429
3.673693,7.498857,27.553221,0.490065,895,430
3.672128,7.499102,27.530022,0.489964,897,431
3.673424,7.498857,27.537976,0.48996,899,432
3.674721,7.498611,27.545929,0.489957,901,433
3.67329,7.499047,27.543343,0.490062,903,434
3.672173,7.49839,27.546947,0.490033,906,435
3.673603,7.498723,27.549065,0.489909,908,436
3.673424,7.49828,27.546701,0.489814,910,437
3.670071,7.498406,27.518227,0.48944,912,438
3.669803,7.498382,27.520794,0.489562,914,439
3.669713,7.497781,27.519714,0.489366,916,440
3.669624,7.497994,27.51103,0.489455,918,441
3.668953,7.498018,27.508282,0.489333,920,442
3.669713,7.498311,27.512971,0.489475,922,443
3.670473,7.498604,27.51766,0.489617,924,444
3.669579,7.498596,27.527084,0.489569,926,445
3.669579,7.498359,27.508879,0.48929,928,446
3.669266,7.498643,27.508699,0.489264,931,447
3.669043,7.498794,27.505138,0.489209,933,448
3.666092,7.498691,27.49852,0.489178,935,449
3.665734,7.49839,27.47501,0.488971,937,450
3.665242,7.498414,27.485197,0.488793,939,451
3.664974,7.49828,27.490232,0.488944,941,452
3.664393,7.498461,27.490473,0.488755,943,453
3.665332,7.498477,27.49515,0.488761,944,454
3.666271,7.498493,27.499828,0.488767,945,455
3.666047,7.498873,27.483629,0.488777,949,456
3.665689,7.498271,27.486189,0.488698,951,457
3.664393,7.498873,27.47352,0.488715,953,458
3.663856,7.498564,27.47711,0.488433,956,459
3.662694,7.498106,27.450191,0.488312,958,460
3.663051,7.498469,27.468376,0.488451,960,461
3.661978,7.498106,27.446995,0.488179,962,462
3.661576,7.498319,27.442627,0.488092,964,463
3.661665,7.497575,27.446959,0.488265,966,464
3.662202,7.498022,27.451036,0.488336,968,465
3.662739,7.498469,27.455112,0.488406,970,466
3.661531,7.499205,27.452995,0.488179,972,467
3.662023,7.498058,27.453909,0.488122,974,468
3.66104,7.498968,27.452301,0.488119,976,469
3.659877,7.498208,27.429607,0.487885,978,470
3.657016,7.498145,27.428701,0.487857,981,471
3.656121,7.498208,27.430595,0.487737,983,472
3.657373,7.498327,27.420452,0.487679,985,473
3.654601,7.498343,27.412624,0.487543,987,474
3.65563,7.498153,27.425909,0.48787,989,475
3.65592,7.498616,27.42453,0.487886,991,476
3.656211,7.499078,27.423151,0.487902,993,477
3.657329,7.498461,27.427544,0.487558,995,478
3.656881,7.498604,27.414448,0.487454,997,479
3.656032,7.498406,27.413816,0.48757,999,480
3.652634,7.49828,27.399147,0.48723,1001,481
3.653305,7.498287,27.387146,0.487342,1003,482
3.653439,7.498224,27.384066,0.486985,1006,483
3.653752,7.498501,27.381042,0.487214,1008,484
3.652947,7.4979,27.380371,0.487239,1010,485
3.651941,7.498292,27.38981,0.487235,1011,486
3.650935,7.498683,27.39925,0.487231,1012,487
3.651829,7.498904,27.398058,0.487263,1016,488
3.652276,7.498588,27.387117,0.487122,1018,489
3.652276,7.498952,27.386873,0.486935,1020,490
3.651829,7.498952,27.381897,0.487044,1022,491
3.648699,7.499007,27.353006,0.486613,1024,492
3.649772,7.497773,27.363764,0.486624,1026,493
3.647537,7.497797,27.35725,0.486449,1028,494
3.647313,7.498271,27.352875,0.486348,1031,495
3.646688,7.498596,27.351437,0.48661,1033,496
3.64785,7.498865,27.356337,0.486576,1035,497
3.649012,7.499134,27.361237,0.486541,1037,498
3.647805,7.499149,27.353811,0.486533,1039,499
3.648386,7.498493,27.357555,0.486427,1041,500
3.647135,7.499442,27.358349,0.486313,1043,501
3.646866,7.498667,27.352539,0.486413,1045,502
3.644184,7.498287,27.335886,0.486191,1047,503
3.644675,7.498366,27.325253,0.485941,1049,504
3.643915,7.498762,27.314178,0.48577,1051,505
3.642887,7.497742,27.307392,0.485968,1053,506
3.642574,7.498295,27.320791,0.485838,1056,507
3.642947,7.498424,27.319146,0.485838,1058,508
3.643319,7.498554,27.3175,0.485837,1060,509
3.643692,7.498683,27.315855,0.485837,1062,510
3.643781,7.498825,27.31147,0.485819,1064,511
3.642753,7.498991,27.314463,0.485802,1066,512
3.642529,7.49926,27.30652,0.485555,1068,513
3.639131,7.498754,27.292927,0.48537,1070,514
3.639444,7.4979,27.285967,0.485489,1072,515
3.639578,7.498406,27.281561,0.485205,1074,516
3.638014,7.498343,27.270578,0.485298,1076,517
3.638282,7.498153,27.281401,0.485163,1078,518
3.637969,7.498315,27.282125,0.48522,1080,519
3.637656,7.498477,27.282848,0.485276,1083,520
3.638192,7.498651,27.2789,0.485166,1085,521
3.638237,7.499252,27.270069,0.485134,1087,522
3.635152,7.499213,27.281874,0.485196,1089,523
3.636404,7.498509,27.256363,0.484692,1091,524
3.634124,7.498192,27.249224,0.48455,1093,525
3.634079,7.498604,27.252464,0.484758,1095,526
3.634034,7.498699,27.246159,0.484631,1097,527
3.633632,7.497971,27.243641,0.484469,1099,528
3.633006,7.498271,27.25071,0.48474,1101,529
3.634079,7.498378,27.246136,0.484628,1104,530
3.635152,7.498485,27.241562,0.484517,1106,531
3.634258,7.498596,27.238506,0.484506,1108,532
3.634347,7.498327,27.243546,0.484634,1110,533
3.633006,7.498319,27.248335,0.484276,1112,534
3.632335,7.49862,27.234713,0.484359,1114,535
3.628803,7.49839,27.208973,0.483993,1116,536
3.627417,7.498517,27.210371,0.483968,1118,537
3.628177,7.498999,27.196705,0.483839,1120,538
3.628445,7.498192,27.200258,0.483716,1122,539
3.6282,7.49839,27.20599,0.483774,1123,540
3.627954,7.498588,27.211721,0.483833,1124,541
3.626925,7.498564,27.217978,0.483947,1128,542
3.62773,7.498975,27.21273,0.483944,1131,543
3.626925,7.498501,27.198116,0.483725,1133,544
3.626791,7.499134,27.203264,0.483721,1135,545
3.625763,7.499157,27.176714,0.483364,1137,546
3.624332,7.498011,27.181236,0.483246,1139,547
3.624734,7.498327,27.160612,0.483148,1141,548
3.622812,7.498572,27.174814,0.483227,1143,549
3.621962,7.498912,27.15715,0.483149,1145,550
3.623661,7.498636,27.164016,0.483269,1147,551
3.62536,7.498359,27.170881,0.483389,1149,552
3.6246,7.498635,27.16844,0.483247,1151,553
3.624243,7.498888,27.163662,0.483253,1153,554
3.622186,7.499039,27.15947,0.48316,1156,555
3.622275,7.49839,27.165825,0.482936,1158,556
3.618654,7.498833,27.140509,0.482713,1160,557
3.618922,7.497725,27.123529,0.482591,1162,558
3.618475,7.498746,27.130762,0.482433,1164,559
3.617983,7.498691,27.136904,0.48251,1166,560
3.618207,7.497663,27.133743,0.482573,1168,561
3.619123,7.498351,27.13575,0.482564,1170,562
3.62004,7.499039,27.137758,0.482556,1172,563
3.618699,7.49873,27.127756,0.482512,1174,564
3.618743,7.499933,27.127592,0.482609,1176,565
3.618252,7.498817,27.119436,0.482446,1178,566
3.616329,7.498271,27.107325,0.482341,1181,567
3.614406,7.497821,27.099663,0.482201,1183,568
3.614138,7.498042,27.09667,0.481831,1185,569
3.613333,7.498706,27.091877,0.481857,1187,570
3.612394,7.498011,27.090687,0.481797,1189,571
3.611455,7.498525,27.08547,0.481681,1191,572
3.612506,7.498702,27.097845,0.481737,1193,573
3.613557,7.49888,27.11022,0.481793,1195,574
3.61378,7.499347,27.096428,0.482096,1197,575
3.613154,7.498549,27.07832,0.481709,1199,576
3.611858,7.498343,27.090923,0.481778,1201,577
3.611321,7.498477,27.080275,0.481468,1203,578
3.608773,7.498983,27.063076,0.481246,1206,579
3.608281,7.497749,27.060555,0.481157,1208,580
3.60837,7.497631,27.051048,0.481144,1210,581
3.607119,7.497599,27.05497,0.481254,1212,582
3.608057,7.497963,27.05057,0.481197,1214,583
3.608438,7.498236,27.05688,0.481204,1216,584
3.608818,7.498509,27.06319,0.48121,1218,585
3.608057,7.498746,27.059572,0.481273,1220,586
3.60761,7.498944,27.055109,0.481248,1222,587
3.606448,7.498785,27.051825,0.48119,1224,588
3.605375,7.497868,27.038286,0.480873,1226,589
3.605285,7.498588,27.033691,0.480851,1228,590
3.604257,7.49854,27.033863,0.480673,1231,591
3.603989,7.498564,27.027693,0.48054,1233,592
3.603273,7.498359,27.019415,0.480753,1235,593
3.603832,7.498406,27.025642,0.480622,1237,594
3.604391,7.498454,27.031868,0.48049,1239,595
3.603139,7.498714,27.022942,0.480532,1241,596
3.602782,7.499047,27.031765,0.480615,1243,597
3.602603,7.49839,27.014917,0.480473,1245,598
3.601798,7.498635,27.009459,0.48039,1247,599
3.600859,7.498295,26.983959,0.480099,1249,600
3.599786,7.498082,26.990225,0.480288,1251,601
3.598087,7.498398,26.999254,0.480018,1253,602
3.599384,7.497852,26.982452,0.479974,1256,603
3.598937,7.498208,26.98349,0.480041,1258,604
3.599608,7.498426,26.988302,0.480031,1260,605
3.600278,7.498643,26.993114,0.480021,1262,606
3.599875,7.499426,26.988554,0.48001,1264,607
3.598445,7.498556,26.990612,0.479888,1266,608
3.59916,7.499355,26.99119,0.479934,1268,609
3.597014,7.49896,26.984104,0.479731,1270,610
3.596343,7.498121,26.95505,0.479504,1272,611
3.594108,7.497409,26.952885,0.479541,1274,612
3.594063,7.497837,26.959473,0.479334,1276,613
3.595315,7.498271,26.949551,0.479381,1278,614
3.592811,7.4982,26.962029,0.479656,1281,615
3.594286,7.498616,26.96581,0.479541,1283,616
3.595762,7.499031,26.969591,0.479425,1285,617
3.594108,7.498003,26.944424,0.479259,1287,618
3.594913,7.498263,26.957869,0.479179,1289,619
3.59375,7.498794,26.947748,0.47911,1291,620
3.595226,7.498699,26.941973,0.479086,1293,621
3.590441,7.497884,26.927277,0.478962,1295,622
3.590889,7.497876,26.92564,0.478726,1297,623
3.589592,7.4982,26.921518,0.478719,1299,624
3.589681,7.497639,26.921837,0.478569,1301,625
3.590263,7.498382,26.914757,0.478786,1303,626
3.590598,7.498461,26.918863,0.478806,1306,627
3.590933,7.49854,26.922968,0.478825,1308,628
3.589145,7.498343,26.910452,0.478764,1310,629
3.588966,7.498446,26.91263,0.478552,1312,630
3.588876,7.498461,26.907127,0.478707,1314,631
3.587401,7.498873,26.896421,0.478335,1316,632
3.586194,7.498873,26.890522,0.478453,1318,633
3.585836,7.498549,26.891073,0.478173,1320,634
3.585434,7.498295,26.888346,0.47819,1322,635
3.584048,7.497828,26.877901,0.478236,1324,636
3.585054,7.498184,26.890714,0.478236,1326,637
3.58606,7.49854,26.903526,0.478237,1328,638
3.585523,7.498327,26.894264,0.478252,1331,639
3.585523,7.499094,26.883068,0.478075,1333,640
3.584271,7.498888,26.88345,0.478163,1335,641
3.584405,7.497876,26.871624,0.477846,1337,642
3.581589,7.498501,26.85174,0.477445,1339,643
3.580426,7.498533,26.848764,0.477642,1341,644
3.580426,7.498359,26.853775,0.477481,1343,645
3.58056,7.498469,26.835094,0.47733,1345,646
3.578459,7.498469,26.846672,0.477759,1347,647
3.579845,7.498283,26.852733,0.477664,1349,648
3.581231,7.498097,26.858793,0.47757,1351,649
3.58065,7.498406,26.854111,0.477571,1353,650
3.578906,7.498983,26.840635,0.477392,1356,651
3.578683,7.498366,26.841488,0.477279,1358,652
3.580158,7.499514,26.822035,0.477074,1360,653
3.576626,7.49843,26.822359,0.47709,1362,654
3.578325,7.498208,26.826265,0.477108,1364,655
3.57752,7.498611,26.806438,0.476858,1366,656
3.575821,7.498335,26.813942,0.477015,1368,657
3.576507,7.498303,26.821032,0.477045,1370,658
3.577192,7.498272,26.828123,0.477075,1372,659
3.577878,7.49824,26.835213,0.477105,1374,660
3.576313,7.498335,26.814789,0.477049,1376,661
3.577431,7.499173,26.813976,0.476793,1378,662
3.574212,7.499497,26.812641,0.476876,1381,663
3.571305,7.497544,26.799887,0.476399,1383,664
3.5722,7.498549,26.789154,0.476441,1385,665
3.573496,7.498611,26.793859,0.476415,1387,666
3.572423,7.497789,26.779448,0.476444,1389,667
3.571931,7.498382,26.780237,0.47631,1391,668
3.571238,7.498726,26.78723,0.476448,1392,669
3.570545,7.499071,26.794224,0.476585,1393,670
3.572423,7.498754,26.791227,0.476499,1397,671
3.570903,7.498968,26.778219,0.476423,1399,672
3.57144,7.498359,26.785849,0.4763,1401,673
3.569561,7.498944,26.776588,0.476232,1403,674
3.569383,7.498256,26.755516,0.475891,1406,675
3.568489,7.497955,26.746042,0.47576,1408,676
3.567907,7.498327,26.75013,0.475894,1410,677
3.567192,7.498841,26.747766,0.475776,1412,678
3.56603,7.498042,26.748831,0.475572,1414,679
3.566722,7.498319,26.751173,0.475671,1416,680
3.567415,7.498596,26.753515,0.47577,1418,681
3.568667,7.499228,26.746443,0.475912,1420,682
3.567729,7.498802,26.751522,0.475738,1422,683
3.566164,7.498975,26.743256,0.47567,1424,684
3.566342,7.498699,26.724926,0.475391,1426,685
3.564688,7.498746,26.726383,0.475435,1428,686
3.561916,7.497979,26.722145,0.475267,1430,687
3.563749,7.498706,26.714788,0.474966,1433,688
3.564241,7.49809,26.712614,0.475049,1435,689
3.562631,7.498509,26.707619,0.475204,1437,690
3.563168,7.498529,26.719577,0.475302,1439,691
3.563704,7.498549,26.731535,0.475399,1441,692
3.562095,7.499102,26.718908,0.47512,1443,693
3.561648,7.498311,26.707426,0.475017,1445,694
3.561022,7.498517,26.71361,0.475175,1447,695
3.561469,7.498596,26.700472,0.47476,1449,696
3.558429,7.498256,26.691477,0.474729,1451,697
3.559323,7.497623,26.683516,0.474504,1453,698
3.560038,7.498121,26.674051,0.474599,1455,699
3.55816,7.498667,26.687407,0.474568,1458,700
3.558608,7.499157,26.68334,0.474593,1460,701
3.558832,7.498908,26.686631,0.474608,1462,702
3.559055,7.498659,26.689922,0.474623,1464,703
3.55825,7.498888,26.676874,0.474471,1466,704
3.556864,7.499007,26.67613,0.474393,1468,705
3.558339,7.498841,26.681108,0.474359,1470,706
3.557356,7.498817,26.658731,0.474056,1472,707
3.554584,7.499086,26.649611,0.474074,1474,708
3.555388,7.498588,26.650803,0.474025,1476,709
3.552661,7.498414,26.649807,0.474053,1478,710
3.554405,7.498802,26.638988,0.473891,1480,711
3.55389,7.498544,26.649968,0.474072,1482,712
3.553376,7.498287,26.660948,0.474254,1483,713
3.55436,7.498588,26.663559,0.474113,1487,714
3.553466,7.49934,26.648582,0.473982,1489,715
3.554405,7.498738,26.648273,0.473772,1491,716
3.551946,7.498604,26.639629,0.473796,1493,717
3.552035,7.499197,26.619816,0.473557,1495,718
3.550694,7.498628,26.630886,0.473449,1497,719
3.549621,7.498651,26.614531,0.473369,1499,720
3.54819,7.498525,26.613531,0.473309,1501,721
3.549263,7.498287,26.617863,0.473236,1503,722
3.549576,7.498315,26.623019,0.473294,1506,723
3.549889,7.498343,26.628176,0.473352,1508,724
3.549755,7.498738,26.621695,0.473331,1510,725
3.549799,7.498952,26.614635,0.473297,1512,726
3.548235,7.499063,26.615803,0.473279,1514,727
3.548369,7.4982,26.606915,0.473474,1516,728
3.5481,7.498327,26.594084,0.473208,1518,729
3.548056,7.498374,26.595938,0.472944,1520,730
3.54667,7.498208,26.589195,0.473001,1522,731
3.54582,7.498216,26.584255,0.47264,1524,732
3.544255,7.498137,26.580399,0.472881,1526,733
3.545373,7.498497,26.583069,0.472932,1528,734
3.546491,7.498857,26.585739,0.472983,1530,735
3.545463,7.499094,26.606312,0.473105,1533,736
3.546223,7.498549,26.597197,0.47275,1535,737
3.54591,7.498983,26.574308,0.472744,1537,738
3.544792,7.498778,26.582588,0.472482,1539,739
3.54202,7.498683,26.557072,0.472362,1541,740
3.540723,7.498461,26.566771,0.472474,1543,741
3.541215,7.498754,26.558893,0.472316,1545,742
3.541573,7.498343,26.55579,0.472166,1547,743
3.540008,7.49862,26.562695,0.472397,1549,744
3.54088,7.498612,26.56269,0.47238,1551,745
3.541752,7.498604,26.562685,0.472362,1553,746
3.541662,7.499039,26.559561,0.472332,1555,747
3.540545,7.498849,26.554617,0.472274,1558,748
3.540097,7.498454,26.545033,0.472004,1560,749
3.539874,7.498802,26.542795,0.471916,1562,750
3.537191,7.498802,26.528606,0.47172,1564,751
3.537415,7.498778,26.525892,0.471758,1566,752
3.537683,7.4982,26.531397,0.47165,1568,753
3.537102,7.498327,26.514353,0.471673,1570,754
3.536677,7.498422,26.52321,0.47184,1571,755
3.536252,7.498517,26.532068,0.472007,1572,756
3.537817,7.49892,26.527769,0.4718,1576,757
3.536476,7.499007,26.524054,0.471546,1578,758
3.53652,7.499086,26.51659,0.471719,1580,759
3.536431,7.498723,26.517178,0.471401,1583,760
3.533525,7.498145,26.493206,0.471154,1585,761
3.53433,7.498746,26.500332,0.470998,1587,762
3.533123,7.498224,26.494045,0.471074,1589,763
3.532228,7.498327,26.48407,0.470875,1591,764
3.531513,7.498659,26.480354,0.471053,1593,765
3.532787,7.499146,26.490286,0.47108,1595,766
3.534061,7.499632,26.500219,0.471108,1597,767
3.533078,7.499118,26.490469,0.471164,1599,768
3.532362,7.498944,26.489937,0.471175,1601,769
3.532072,7.499248,26.484461,0.470948,1603,770
3.531781,7.499553,26.478985,0.47072,1605,771
3.53035,7.498311,26.462641,0.470696,1608,772
3.529367,7.498003,26.456493,0.470798,1610,773
3.528651,7.498446,26.45792,0.470654,1612,774
3.525879,7.498406,26.453619,0.470429,1614,775
3.527444,7.498422,26.459846,0.470617,1616,776
3.527914,7.49862,26.461508,0.470588,1618,777
3.528383,7.498817,26.463171,0.47056,1620,778
3.527757,7.498683,26.465351,0.470633,1622,779
3.5274,7.498153,26.453087,0.470395,1624,780
3.527712,7.499244,26.45948,0.470442,1626,781
3.528696,7.498628,26.43255,0.470158,1628,782
3.525879,7.497607,26.433592,0.470158,1630,783
3.523376,7.499395,26.426235,0.470114,1633,784
3.523644,7.498501,26.424587,0.470106,1635,785
3.523107,7.498754,26.417662,0.469968,1637,786
3.524493,7.498097,26.43124,0.47011,1639,787
3.524382,7.498639,26.430707,0.470058,1641,788
3.52427,7.499181,26.430174,0.470006,1643,789
3.524359,7.49828,26.425341,0.470033,1645,790
3.524538,7.498746,26.42428,0.469906,1647,791
3.523599,7.498699,26.427906,0.469953,1649,792
3.522258,7.498177,26.403107,0.469595,1651,793
3.520559,7.49805,26.397799,0.469435,1653,794
3.520827,7.498327,26.398052,0.469383,1655,795
3.519665,7.498382,26.390673,0.469494,1658,796
3.51877,7.498778,26.397631,0.4696,1660,797
3.519932,7.498861,26.395628,0.46963,1662,798
3.521095,7.498944,26.393625,0.469659,1664,799
3.52114,7.498936,26.395979,0.469504,1666,800
3.519039,7.499411,26.391394,0.469399,1668,801
3.520559,7.498659,26.388609,0.469451,1670,802
3.520603,7.498406,26.376673,0.469156,1672,803
3.516714,7.498723,26.373861,0.468982,1674,804
3.517876,7.498556,26.377565,0.468905,1676,805
3.515417,7.498208,26.359108,0.468811,1678,806
3.517295,7.498454,26.368042,0.468994,1680,807
3.515238,7.498754,26.377035,0.468973,1683,808
3.515908,7.498636,26.377062,0.468972,1685,809
3.516579,7.498517,26.37709,0.46897,1687,810
3.517474,7.499268,26.36627,0.468938,1689,811
3.516222,7.498572,26.360699,0.468856,1691,812
3.515551,7.499078,26.357468,0.46869,1693,813
3.515417,7.499316,26.346943,0.468506,1695,814
3.513584,7.498097,26.339132,0.468433,1697,815
3.512198,7.498975,26.329552,0.46829,1699,816
3.511706,7.498271,26.327139,0.468319,1701,817
3.511572,7.498177,26.326298,0.468096,1703,818
3.511706,7.498699,26.335734,0.468172,1706,819
3.51184,7.499221,26.345171,0.468249,1708,820
3.512421,7.499244,26.337692,0.468235,1710,821
3.512243,7.498817,26.331968,0.468356,1712,822
3.51108,7.498414,26.334652,0.468337,1714,823
3.510946,7.498485,26.321886,0.468087,1716,824
3.508934,7.498303,26.319572,0.467849,1718,825
3.50795,7.498216,26.302866,0.467728,1720,826
3.506788,7.498572,26.307388,0.467729,1722,827
3.507101,7.498374,26.296326,0.467729,1724,828
3.507458,7.49839,26.303761,0.467737,1726,829
3.508688,7.498394,26.31003,0.467761,1728,830
3.509918,7.498398,26.316298,0.467785,1730,831
3.507414,7.498738,26.311689,0.467814,1733,832
3.506833,7.498113,26.300537,0.46768,1735,833
3.507458,7.499197,26.300438,0.467684,1737,834
3.507548,7.498437,26.274702,0.467562,1739,835
3.505134,7.49862,26.276873,0.467308,1741,836
3.504284,7.498485,26.267603,0.467184,1743,837
3.50339,7.498295,26.269714,0.467194,1745,838
3.503524,7.499331,26.265463,0.467158,1747,839
3.502898,7.498525,26.275949,0.46748,1749,840
3.503994,7.498806,26.2812,0.46748,1751,841
3.505089,7.499086,26.286451,0.467481,1753,842
3.503837,7.498975,26.274488,0.467323,1755,843
3.503077,7.49877,26.280359,0.467421,1758,844
3.502943,7.499395,26.268311,0.467092,1760,845
3.499366,7.498944,26.245552,0.466884,1762,846
3.500126,7.498785,26.249214,0.466825,1764,847
3.50102,7.498975,26.251287,0.466663,1766,848
3.498427,7.498912,26.239439,0.466542,1768,849
3.498293,7.498936,26.23234,0.46656,1770,850
3.498539,7.498612,26.238003,0.466626,1772,851
3.498785,7.498287,26.243666,0.466691,1774,852
3.499455,7.498928,26.240427,0.466584,1776,853
3.499008,7.498667,26.24045,0.466629,1778,854
3.498338,7.498952,26.23138,0.466426,1780,855
3.498293,7.498817,26.218781,0.466253,1783,856
3.495565,7.498382,26.217159,0.466369,1785,857
3.494493,7.498153,26.208223,0.465983,1787,858
3.495029,7.498651,26.20508,0.466019,1789,859
3.494582,7.498778,26.20208,0.466083,1791,860
3.494716,7.498656,26.20948,0.46613,1793,861
3.49485,7.498533,26.216879,0.466178,1795,862
3.495878,7.49945,26.216175,0.466283,1797,863
3.494448,7.498865,26.203836,0.466051,1799,864
3.495029,7.49858,26.210464,0.466127,1801,865
3.494179,7.499529,26.216078,0.466025,1803,866
3.494716,7.499039,26.195919,0.465878,1805,867
3.492458,7.498644,26.186531,0.465666,1808,868
3.4902,7.498248,26.177143,0.465455,1810,869
3.491452,7.498611,26.17841,0.46552,1812,870
3.490021,7.498517,26.174255,0.465524,1814,871
3.491251,7.498489,26.177692,0.465636,1816,872
3.492481,7.498461,26.181128,0.465749,1818,873
3.491899,7.498525,26.183756,0.465653,1820,874
3.490782,7.499173,26.184637,0.465575,1822,875
3.489574,7.498667,26.161728,0.465368,1824,876
3.489753,7.499166,26.174732,0.465403,1826,877
3.488233,7.49858,26.154705,0.465007,1828,878
3.487026,7.498161,26.14402,0.464908,1830,879
3.485908,7.498414,26.144238,0.464865,1833,880
3.487607,7.498651,26.140568,0.465005,1835,881
3.48564,7.498097,26.136471,0.465098,1837,882
3.486534,7.49839,26.139623,0.465094,1839,883
3.487428,7.498683,26.142775,0.465091,1841,884
3.488501,7.499142,26.156363,0.464966,1843,885
3.486713,7.498509,26.144373,0.464987,1845,886
3.486802,7.498809,26.142656,0.464975,1847,887
3.486221,7.49911,26.132645,0.464672,1849,888
3.483225,7.498501,26.117645,0.464531,1851,889
3.483449,7.498232,26.111013,0.464433,1853,890
3.483941,7.498691,26.125614,0.464549,1855,891
3.481526,7.498651,26.109301,0.464316,1858,892
3.480409,7.498691,26.119122,0.464416,1860,893
3.48204,7.498505,26.115783,0.464516,1862,894
3.483672,7.498319,26.112444,0.464616,1864,895
3.481169,7.498723,26.115923,0.464556,1866,896
3.480856,7.498738,26.109304,0.464091,1868,897
3.481884,7.498991,26.112726,0.464402,1870,898
3.479917,7.498327,26.086739,0.464058,1872,899
3.479201,7.49771,26.081045,0.464009,1874,900
3.477502,7.499205,26.083054,0.463858,1876,901
3.477681,7.498003,26.079344,0.463934,1878,902
3.478352,7.498509,26.080189,0.463697,1880,903
3.478777,7.498308,26.080864,0.463768,1882,904
3.479201,7.498106,26.081539,0.46384,1885,905
3.478218,7.498825,26.095886,0.463773,1887,906
3.477055,7.498564,26.091652,0.463702,1889,907
3.477547,7.49877,26.089436,0.463895,1891,908
3.477637,7.499039,26.070101,0.463611,1893,909
3.47549,7.49858,26.044712,0.463278,1895,910
3.474686,7.497884,26.051825,0.463434,1897,911
3.473121,7.498651,26.047459,0.4632,1899,912
3.473344,7.498849,26.047684,0.463206,1901,913
3.472495,7.498192,26.040257,0.463539,1903,914
3.473747,7.498667,26.045944,0.463411,1906,915
3.474999,7.499142,26.05163,0.463283,1908,916
3.474551,7.499086,26.054802,0.463333,1910,917
3.473434,7.498754,26.052944,0.463369,1912,918
3.473389,7.498604,26.04315,0.463135,1914,919
3.472316,7.49809,26.02581,0.462835,1916,920
3.470393,7.498351,26.02352,0.46292,1918,921
3.469678,7.498936,26.011869,0.462746,1920,922
3.468918,7.498706,26.011385,0.462707,1922,923
3.468113,7.498754,26.012093,0.462558,1924,924
3.46827,7.498829,26.020633,0.462674,1925,925
3.468426,7.498904,26.029173,0.462791,1926,926
3.469768,7.499577,26.027512,0.462684,1930,927
3.469007,7.499039,26.012711,0.462655,1933,928
3.46941,7.49854,26.018602,0.462701,1935,929
3.468963,7.498778,26.012665,0.46248,1937,930
3.467398,7.498683,25.981638,0.462298,1939,931
3.464939,7.498904,25.991163,0.462198,1941,932
3.464536,7.498564,25.993439,0.462095,1943,933
3.463955,7.498121,25.978231,0.462047,1945,934
3.464715,7.498691,25.981224,0.462065,1947,935
3.465252,7.498374,25.98188,0.462162,1949,936
3.46561,7.498481,25.987602,0.462109,1951,937
3.465967,7.498588,25.993324,0.462055,1953,938
3.464179,7.499063,25.983284,0.462009,1955,939
3.464581,7.499197,25.986406,0.46201,1957,940
3.463821,7.499458,25.980522,0.46184,1960,941
3.462435,7.498865,25.960039,0.461703,1962,942
3.462435,7.498564,25.948696,0.461587,1964,943
3.461183,7.498873,25.944708,0.461441,1966,944
3.458858,7.499094,25.944946,0.46145,1968,945
3.460557,7.499292,25.943769,0.461389,1970,946
3.460758,7.499224,25.950684,0.461447,1972,947
3.460959,7.499157,25.957598,0.461505,1974,948
3.460557,7.498762,25.945829,0.461393,1976,949
3.461004,7.498469,25.948109,0.461517,1978,950
3.460602,7.498817,25.943441,0.461327,1980,951
3.458679,7.498256,25.940458,0.460932,1982,952
3.456533,7.49862,25.927345,0.461078,1985,953
3.457204,7.498295,25.907867,0.460953,1987,954
3.455907,7.498485,25.924858,0.460923,1989,955
3.456623,7.499166,25.915699,0.460827,1991,956
3.4547,7.498533,25.903721,0.460861,1993,957
3.455036,7.498766,25.91073,0.460795,1995,958
3.455371,7.498999,25.91774,0.460729,1997,959
3.456444,7.49828,25.917927,0.460862,1999,960
3.455997,7.498643,25.905001,0.46091,2001,961
3.455684,7.499213,25.90292,0.460681,2003,962
3.453001,7.499221,25.901361,0.460356,2005,963
3.452599,7.499545,25.883156,0.460344,2007,964
3.45242,7.498572,25.883392,0.460388,2010,965
3.450765,7.498667,25.876156,0.460164,2012,966
3.450721,7.498999,25.875975,0.459903,2014,967
3.451436,7.499031,25.888458,0.460492,2016,968
3.451772,7.499232,25.883534,0.460395,2018,969
3.452107,7.499434,25.878609,0.460297,2020,970
3.451213,7.498817,25.879929,0.460221,2022,971
3.450676,7.498335,25.873373,0.460111,2024,972
3.450274,7.499189,25.877398,0.460185,2026,973
3.449916,7.498074,25.869108,0.459957,2028,974
3.446518,7.498082,25.850958,0.459775,2030,975
3.447323,7.498706,25.844839,0.459709,2032,976
3.447591,7.498485,25.849428,0.459653,2035,977
3.44692,7.49877,25.838223,0.459574,2037,978
3.444774,7.49896,25.83041,0.45957,2039,979
3.446831,7.499142,25.836771,0.459714,2041,980
3.448888,7.499323,25.843132,0.459857,2043,981
3.445132,7.498699,25.855141,0.459621,2045,982
3.445177,7.498382,25.838112,0.459462,2047,983
3.446429,7.49892,25.833305,0.459432,2049,984
3.445937,7.499347,25.826977,0.459085,2051,985
3.442405,7.498809,25.807428,0.458935,2053,986
3.442181,7.498596,25.807438,0.458783,2055,987
3.441108,7.498011,25.808432,0.459023,2057,988
3.44075,7.498113,25.806946,0.458895,2060,989
3.441555,7.498596,25.826811,0.459022,2062,990
3.442494,7.498714,25.822182,0.45906,2064,991
3.443433,7.498833,25.817553,0.459098,2066,992
3.440661,7.499205,25.804945,0.458895,2068,993
3.441108,7.498461,25.813749,0.458882,2070,994
3.440884,7.498635,25.796843,0.458956,2072,995
3.439588,7.498509,25.776619,0.458489,2074,996
3.437218,7.498034,25.76668,0.458408,2076,997
3.437352,7.498667,25.774139,0.45828,2078,998
3.435743,7.498113,25.768539,0.458242,2080,999
3.435787,7.497844,25.766861,0.45823,2082,1000
3.434983,7.499054,25.774563,0.458161,2085,1001
3.436212,7.499153,25.777704,0.458244,2087,1002
3.437442,7.499252,25.780844,0.458327,2089,1003
3.43695,7.498611,25.773033,0.45822,2091,1004
3.435787,7.499007,25.76939,0.458166,2093,1005
3.436682,7.498936,25.77305,0.458162,2095,1006
3.433775,7.49896,25.739714,0.457851,2097,1007
3.432479,7.498493,25.741953,0.457885,2099,1008
3.432613,7.49858,25.734659,0.457743,2101,1009
3.431674,7.499142,25.72438,0.457622,2103,1010
3.431361,7.497528,25.723858,0.457606,2105,1011
3.43183,7.498311,25.734313,0.457645,2106,1012
3.4323,7.499094,25.744768,0.457684,2107,1013
3.432032,7.499331,25.74754,0.457715,2112,1014
3.430825,7.499331,25.744144,0.457489,2114,1015
3.431853,7.499529,25.726597,0.457543,2116,1016
3.430243,7.498983,25.732735,0.457604,2118,1017
3.429349,7.498635,25.70322,0.457166,2120,1018
3.428231,7.499102,25.701771,0.457052,2122,1019
3.428008,7.498936,25.706184,0.457023,2124,1020
3.427874,7.498833,25.700989,0.457044,2126,1021
3.425549,7.498454,25.682121,0.45693,2128,1022
3.425728,7.499063,25.702848,0.457033,2130,1023
3.426286,7.499058,25.700237,0.456986,2132,1024
3.426845,7.499054,25.697626,0.456938,2135,1025
3.425504,7.49873,25.703966,0.456911,2137,1026
3.425459,7.499213,25.696278,0.456995,2139,1027
3.425415,7.498968,25.69899,0.456864,2141,1028
3.423447,7.49862,25.671862,0.456492,2143,1029
3.423492,7.498635,25.669926,0.45653,2145,1030
3.422911,7.498833,25.661913,0.456441,2147,1031
3.422642,7.498208,25.659836,0.456242,2149,1032
3.421838,7.498517,25.646704,0.456211,2151,1033
3.422934,7.498853,25.660838,0.456345,2153,1034
3.424029,7.499189,25.674971,0.45648,2155,1035
3.422195,7.499149,25.665388,0.456334,2157,1036
3.423,7.499039,25.656063,0.45633,2160,1037
3.421927,7.498983,25.660942,0.456261,2162,1038
3.419915,7.498723,25.63899,0.45593,2164,1039
3.419155,7.498256,25.633205,0.455993,2166,1040
3.417993,7.498604,25.631119,0.455777,2168,1041
3.416696,7.498406,25.622547,0.455901,2170,1042
3.416875,7.49892,25.622164,0.455623,2172,1043
3.418127,7.49858,25.629259,0.455737,2174,1044
3.418194,7.498722,25.63252,0.45586,2176,1045
3.418261,7.498865,25.63578,0.455984,2178,1046
3.418306,7.499426,25.629322,0.455599,2180,1047
3.416517,7.498738,25.619904,0.4556,2182,1048
3.416294,7.498975,25.61031,0.455476,2185,1049
3.415578,7.49843,25.606005,0.455402,2187,1050
3.414818,7.498667,25.59029,0.455184,2189,1051
3.412985,7.498208,25.584967,0.455197,2191,1052
3.413298,7.498888,25.584869,0.454839,2193,1053
3.412091,7.498643,25.589666,0.455307,2195,1054
3.41265,7.498992,25.591688,0.455243,2196,1055
3.413208,7.49934,25.59371,0.455179,2197,1056
3.413432,7.498975,25.582596,0.45508,2201,1057
3.412717,7.498659,25.585953,0.455004,2203,1058
3.411196,7.499031,25.592985,0.454948,2205,1059
3.410839,7.49828,25.583612,0.455014,2207,1060
3.410839,7.49862,25.565994,0.454635,2210,1061
3.408782,7.498991,25.557611,0.45424,2212,1062
3.408156,7.497765,25.556009,0.454547,2214,1063
3.407799,7.498224,25.54808,0.454414,2216,1064
3.407128,7.498825,25.54361,0.454263,2218,1065
3.406323,7.498754,25.555187,0.454677,2220,1066
3.407061,7.499035,25.558937,0.454552,2222,1067
3.407799,7.499316,25.562687,0.454426,2224,1068
3.408961,7.499181,25.549429,0.454504,2226,1069
3.406591,7.498952,25.548439,0.454325,2228,1070
3.406547,7.498754,25.555765,0.454527,2230,1071
3.405876,7.498628,25.516733,0.453958,2232,1072
3.402791,7.498533,25.52483,0.453921,2235,1073
3.401494,7.498295,25.517534,0.45383,2237,1074
3.403506,7.498525,25.515482,0.453678,2239,1075
3.401942,7.499078,25.518259,0.453637,2241,1076
3.401897,7.499213,25.521971,0.453812,2243,1077
3.402434,7.49922,25.518741,0.453806,2245,1078
3.40297,7.499228,25.515511,0.453799,2247,1079
3.403685,7.498643,25.518824,0.453748,2249,1080
3.401942,7.498817,25.511131,0.453655,2251,1081
3.401226,7.498754,25.51181,0.453581,2253,1082
3.399974,7.498936,25.494173,0.453115,2255,1083
3.400019,7.498936,25.484653,0.453323,2257,1084
3.398052,7.498857,25.489325,0.453266,2260,1085
3.397694,7.498549,25.479435,0.452978,2262,1086
3.397694,7.498628,25.47839,0.453068,2264,1087
3.398879,7.498814,25.481736,0.453233,2266,1088
3.400064,7.498999,25.485083,0.453398,2268,1089
3.397292,7.499616,25.466017,0.453045,2270,1090
3.398365,7.499086,25.479765,0.453107,2272,1091
3.396755,7.499252,25.472116,0.452943,2274,1092
3.395727,7.498975,25.466578,0.452765,2276,1093
3.394654,7.498596,25.461012,0.452592,2278,1094
3.393849,7.498928,25.446123,0.452626,2280,1095
3.393178,7.498683,25.440933,0.452389,2282,1096
3.391882,7.49854,25.437767,0.4524,2285,1097
3.392776,7.498762,25.446873,0.452685,2287,1098
3.393692,7.49915,25.450529,0.452628,2289,1099
3.394609,7.499537,25.454185,0.452572,2291,1100
3.392463,7.498699,25.445013,0.452578,2293,1101
3.393044,7.498651,25.447935,0.452185,2295,1102
3.391837,7.498904,25.442116,0.452221,2297,1103
3.391658,7.499054,25.416607,0.452167,2299,1104
3.38835,7.498248,25.404913,0.451806,2301,1105
3.387947,7.498232,25.42157,0.451948,2303,1106
3.388528,7.498991,25.412716,0.451846,2305,1107
3.388662,7.498968,25.410383,0.451569,2307,1108
3.3875,7.498335,25.400032,0.451917,2310,1109
3.388596,7.498612,25.40524,0.45197,2312,1110
3.389691,7.498888,25.410448,0.452022,2314,1111
3.388036,7.49877,25.403704,0.45182,2316,1112
3.388126,7.49888,25.402334,0.45161,2318,1113
3.387366,7.498675,25.396708,0.45168,2320,1114
3.387098,7.499118,25.378841,0.45145,2322,1115
3.383431,7.497955,25.375824,0.45149,2324,1116
3.383565,7.498525,25.375034,0.451227,2326,1117
3.381866,7.498177,25.37455,0.451357,2328,1118
3.385041,7.498525,25.365393,0.451119,2330,1119
3.382135,7.499316,25.361593,0.451212,2332,1120
3.382828,7.499154,25.359315,0.451112,2334,1121
3.383521,7.498991,25.357037,0.451013,2337,1122
3.383342,7.498359,25.358566,0.451114,2339,1123
3.381956,7.499695,25.356762,0.451037,2341,1124
3.381732,7.498873,25.355209,0.451048,2343,1125
3.382492,7.499007,25.33946,0.450593,2345,1126
3.379318,7.498667,25.339354,0.450606,2347,1127
3.378826,7.49877,25.341169,0.450483,2349,1128
3.376948,7.498327,25.323149,0.450259,2351,1129
3.377619,7.498817,25.327295,0.450321,2353,1130
3.377306,7.499007,25.333937,0.450604,2355,1131
3.377798,7.498988,25.333576,0.450546,2358,1132
3.378289,7.498968,25.333214,0.450488,2360,1133
3.377932,7.499197,25.328674,0.450432,2362,1134
3.37659,7.499197,25.324778,0.450393,2364,1135
3.376009,7.499086,25.31852,0.450333,2366,1136
3.376278,7.497994,25.29484,0.450062,2368,1137
3.374266,7.498873,25.300102,0.449942,2370,1138
3.372343,7.49888,25.295645,0.449918,2372,1139
3.371941,7.498667,25.279505,0.449645,2374,1140
3.370823,7.498785,25.289232,0.449791,2376,1141
3.372924,7.498454,25.286795,0.449788,2378,1142
3.372812,7.498639,25.29346,0.449832,2380,1143
3.372701,7.498825,25.300125,0.449877,2382,1144
3.374668,7.498841,25.287807,0.449734,2385,1145
3.371941,7.499015,25.282013,0.44969,2387,1146
3.371628,7.499094,25.282591,0.449618,2389,1147
3.370778,7.498659,25.271576,0.44938,2391,1148
3.368408,7.498588,25.266455,0.449233,2393,1149
3.369705,7.49828,25.255722,0.449048,2395,1150
3.368051,7.499031,25.254694,0.449154,2397,1151
3.367067,7.499411,25.258928,0.449124,2399,1152
3.367514,7.498912,25.25764,0.449216,2400,1153
3.367961,7.498414,25.256353,0.449308,2401,1154
3.367693,7.499221,25.259953,0.44929,2405,1155
3.366441,7.498857,25.265778,0.449149,2407,1156
3.366531,7.498675,25.260895,0.449171,2410,1157
3.366888,7.49877,25.253422,0.449105,2412,1158
3.363669,7.499426,25.232918,0.448707,2414,1159
3.364027,7.499157,25.219349,0.448572,2416,1160
3.363893,7.498888,25.234692,0.448676,2418,1161
3.363446,7.498667,25.217367,0.448547,2420,1162
3.362149,7.498849,25.208761,0.448366,2422,1163
3.36244,7.498794,25.215356,0.44846,2423,1164
3.36273,7.498738,25.221951,0.448555,2424,1165
3.362775,7.499316,25.218065,0.448496,2428,1166
3.362864,7.499015,25.206226,0.448324,2430,1167
3.362328,7.498983,25.214802,0.4484,2432,1168
3.360674,7.498991,25.208761,0.448139,2435,1169
3.359019,7.498469,25.192236,0.44803,2437,1170
3.360271,7.499205,25.17919,0.4479,2439,1171
3.357902,7.497916,25.176575,0.447644,2441,1172
3.357902,7.499482,25.18219,0.447709,2443,1173
3.35665,7.498604,25.18498,0.447852,2445,1174
3.356896,7.498988,25.18501,0.447788,2447,1175
3.357141,7.499371,25.185041,0.447724,2449,1176
3.356918,7.499252,25.189505,0.447881,2451,1177
3.357275,7.498802,25.179783,0.447627,2453,1178
3.35741,7.499671,25.174776,0.44772,2455,1179
3.356784,7.49892,25.149698,0.447397,2457,1180
3.353699,7.498414,25.153664,0.447412,2460,1181
3.35428,7.49854,25.161711,0.447246,2462,1182
3.352134,7.498873,25.144793,0.44716,2464,1183
3.353475,7.498888,25.144876,0.447221,2466,1184
3.352,7.498343,25.147615,0.447188,2468,1185
3.35314,7.498604,25.150324,0.447238,2470,1186
3.35428,7.498865,25.153032,0.447288,2472,1187
3.353073,7.498596,25.148968,0.447115,2474,1188
3.353028,7.498904,25.132683,0.447008,2476,1189
3.352804,7.49911,25.141354,0.447018,2478,1190
3.350614,7.498628,25.108213,0.446775,2480,1191
3.34972,7.498359,25.114594,0.446726,2482,1192
3.34811,7.498303,25.11964,0.446553,2485,1193
3.34811,7.498675,25.111172,0.446409,2487,1194
3.349138,7.498683,25.1147,0.446531,2489,1195
3.349272,7.498833,25.116548,0.446548,2491,1196
3.349406,7.498983,25.118397,0.446566,2493,1197
3.348825,7.498865,25.113995,0.446599,2495,1198
3.349362,7.499276,25.102312,0.446462,2497,1199
3.347797,7.498999,25.114523,0.446443,2499,1200
3.347305,7.499086,25.102913,0.446227,2501,1201
3.344801,7.498651,25.077703,0.446006,2503,1202
3.344444,7.498888,25.063814,0.445892,2505,1203
3.344801,7.49828,25.086809,0.445892,2507,1204
3.34422,7.499031,25.069426,0.445781,2510,1205
3.342879,7.49911,25.060686,0.445721,2512,1206
3.343013,7.499142,25.078701,0.445914,2514,1207
3.343662,7.49917,25.077448,0.445856,2516,1208
3.34431,7.499197,25.076195,0.445799,2518,1209
3.343505,7.498588,25.062757,0.44587,2520,1210
3.34422,7.499142,25.067505,0.445914,2522,1211
3.342745,7.49862,25.059185,0.445749,2524,1212
3.341671,7.497789,25.057608,0.44559,2526,1213
3.338944,7.498952,25.038389,0.445252,2528,1214
3.337335,7.498897,25.041891,0.445232,2530,1215
3.337513,7.498714,25.028095,0.445198,2532,1216
3.338363,7.498611,25.035135,0.445124,2535,1217
3.338855,7.498682,25.041207,0.44527,2537,1218
3.339347,7.498754,25.047279,0.445416,2539,1219
3.339034,7.498762,25.035566,0.445366,2541,1220
3.337871,7.499071,25.039404,0.44528,2543,1221
3.337335,7.499015,25.034237,0.445121,2545,1222
3.33805,7.498351,25.034389,0.445036,2547,1223
3.335725,7.498446,25.008167,0.44485,2549,1224
3.335636,7.499323,25.00219,0.444578,2551,1225
3.333981,7.498263,25.00419,0.444663,2553,1226
3.332327,7.498991,24.994144,0.444349,2555,1227
3.333981,7.499031,25.016499,0.444665,2557,1228
3.334384,7.499023,25.009442,0.444693,2560,1229
3.334786,7.499015,25.002386,0.444722,2562,1230
3.335636,7.498596,25.006388,0.444592,2564,1231
3.335099,7.499054,24.998854,0.44454,2566,1232
3.335144,7.499213,24.995874,0.444644,2568,1233
3.332998,7.499434,24.995699,0.444379,2570,1234
3.33112,7.498628,24.977026,0.444129,2572,1235
3.330494,7.498208,24.971809,0.444157,2574,1236
3.328393,7.49828,24.971527,0.444123,2576,1237
3.328974,7.497805,24.964127,0.443862,2578,1238
3.328549,7.498351,24.970952,0.443951,2580,1239
3.328124,7.498897,24.977777,0.44404,2582,1240
3.330673,7.498588,24.976036,0.444069,2584,1241
3.329287,7.499173,24.962322,0.444003,2587,1242
3.328706,7.499205,24.960552,0.443961,2589,1243
3.328884,7.498675,24.958385,0.4437,2591,1244
3.328974,7.498738,24.947325,0.443649,2593,1245
3.326917,7.498849,24.947582,0.443599,2595,1246
3.32495,7.498232,24.936102,0.443471,2597,1247
3.32486,7.498611,24.926973,0.443522,2599,1248
3.324592,7.498295,24.929504,0.443453,2601,1249
3.324391,7.49854,24.937064,0.443522,2603,1250
3.32419,7.498785,24.944624,0.443592,2605,1251
3.325129,7.499086,24.934237,0.443376,2607,1252
3.32562,7.498746,24.933716,0.443422,2609,1253
3.323206,7.498549,24.935375,0.443278,2612,1254
3.323385,7.499316,24.921936,0.443247,2614,1255
3.321596,7.498351,24.917629,0.442962,2616,1256
3.321418,7.498477,24.906843,0.442833,2618,1257
3.321373,7.498778,24.901489,0.442954,2620,1258
3.321194,7.498865,24.906046,0.442832,2622,1259
3.319272,7.498841,24.886801,0.443004,2624,1260
3.321015,7.498845,24.89958,0.443013,2626,1261
3.322759,7.498849,24.912359,0.443021,2628,1262
3.319897,7.498983,24.897388,0.442721,2630,1263
3.318825,7.499577,24.899136,0.442583,2632,1264
3.320389,7.498944,24.890652,0.442735,2634,1265
3.318735,7.499316,24.88689,0.44243,2637,1266
3.316947,7.498802,24.872358,0.442299,2639,1267
3.317215,7.498082,24.868814,0.442217,2641,1268
3.314666,7.499181,24.866438,0.442284,2643,1269
3.315471,7.49862,24.854053,0.442037,2645,1270
3.315382,7.498746,24.876877,0.442236,2647,1271
3.315628,7.498734,24.87373,0.44221,2649,1272
3.315874,7.498723,24.870583,0.442183,2651,1273
3.315203,7.498849,24.862358,0.442317,2653,1274
3.315516,7.499893,24.849283,0.442017,2655,1275
3.314666,7.499134,24.853584,0.442142,2657,1276
3.315203,7.498469,24.854372,0.441975,2659,1277
3.312699,7.498446,24.843546,0.441525,2662,1278
3.311313,7.498596,24.827097,0.441619,2664,1279
3.312028,7.499292,24.828245,0.441674,2666,1280
3.310598,7.498675,24.826269,0.441321,2668,1281
3.310642,7.498968,24.837328,0.441689,2670,1282
3.310978,7.499229,24.837694,0.441694,2672,1283
3.311313,7.49949,24.83806,0.4417,2674,1284
3.310419,7.499047,24.825808,0.441525,2676,1285
3.310911,7.499276,24.832424,0.441552,2678,1286
3.30872,7.499157,24.815613,0.44137,2680,1287
3.308899,7.499197,24.809484,0.441162,2682,1288
3.308675,7.498414,24.798767,0.441105,2684,1289
3.306484,7.499054,24.795204,0.440832,2687,1290
3.30568,7.498888,24.790159,0.440835,2689,1291
3.305769,7.498936,24.790329,0.440966,2691,1292
3.305769,7.499458,24.798183,0.440999,2693,1293
3.30673,7.499359,24.796892,0.440921,2695,1294
3.307692,7.49926,24.795601,0.440844,2697,1295
3.306574,7.498936,24.792189,0.440816,2699,1296
3.30711,7.499007,24.790564,0.440925,2701,1297
3.307736,7.498833,24.784922,0.440632,2703,1298
3.304919,7.499205,24.774805,0.440484,2705,1299
3.302907,7.498999,24.761202,0.440426,2707,1300
3.302416,7.499213,24.769825,0.440481,2709,1301
3.3017,7.49934,24.76399,0.440441,2712,1302
3.300806,7.498817,24.753365,0.440178,2714,1303
3.302371,7.498604,24.775253,0.44047,2716,1304
3.302662,7.499134,24.766327,0.44033,2718,1305
3.302952,7.499664,24.757401,0.440189,2720,1306
3.302147,7.498667,24.760841,0.440215,2722,1307
3.301253,7.498888,24.757645,0.44013,2724,1308
3.300672,7.499363,24.742201,0.440204,2726,1309
3.300761,7.499157,24.746563,0.440043,2728,1310
3.298123,7.498825,24.731691,0.439844,2730,1311
3.297676,7.498192,24.728167,0.439765,2732,1312
3.297766,7.499149,24.718651,0.439705,2734,1313
3.295888,7.498975,24.722662,0.439847,2737,1314
3.297408,7.49924,24.73041,0.439836,2739,1315
3.298928,7.499506,24.738157,0.439825,2741,1316
3.297184,7.499577,24.737823,0.439947,2743,1317
3.297989,7.500059,24.731537,0.439488,2745,1318
3.297989,7.498833,24.732622,0.439932,2747,1319
3.29638,7.499363,24.718725,0.439696,2749,1320
3.294904,7.498271,24.701319,0.43934,2751,1321
3.293965,7.498549,24.702465,0.43931,2753,1322
3.294323,7.498936,24.69309,0.439089,2755,1323
3.293831,7.499411,24.688614,0.438954,2757,1324
3.292758,7.498928,24.698868,0.439283,2759,1325
3.292646,7.499007,24.695939,0.439216,2762,1326
3.292535,7.499086,24.69301,0.439148,2764,1327
3.294055,7.498572,24.698015,0.439093,2766,1328
3.291238,7.499497,24.702198,0.439057,2768,1329
3.292579,7.49934,24.694763,0.438917,2770,1330
3.292445,7.49839,24.669147,0.438754,2772,1331
3.289092,7.499054,24.663816,0.43867,2774,1332
3.28699,7.49888,24.663179,0.438635,2776,1333
3.288824,7.499071,24.670492,0.438578,2778,1334
3.288287,7.498596,24.651697,0.438566,2780,1335
3.288086,7.49875,24.658094,0.438572,2781,1336
3.287885,7.498904,24.664492,0.438578,2782,1337
3.289181,7.499387,24.664299,0.438634,2787,1338
3.28936,7.4993,24.652676,0.438638,2789,1339
3.288466,7.499308,24.650894,0.438549,2791,1340
3.287214,7.499149,24.66099,0.438318,2793,1341
3.285023,7.499142,24.624138,0.438084,2795,1342
3.284844,7.499181,24.635494,0.437965,2797,1343
3.284889,7.498738,24.633215,0.43826,2799,1344
3.283592,7.499316,24.628874,0.437979,2801,1345
3.283548,7.49873,24.622192,0.438231,2803,1346
3.284956,7.499023,24.629414,0.438133,2805,1347
3.286365,7.499316,24.636635,0.438035,2807,1348
3.28547,7.498825,24.638012,0.437911,2809,1349
3.283995,7.49926,24.62693,0.438232,2812,1350
3.282877,7.499023,24.624664,0.437992,2814,1351
3.283414,7.499166,24.619293,0.437793,2816,1352
3.280999,7.499047,24.607185,0.43748,2818,1353
3.281089,7.498454,24.610519,0.437557,2820,1354
3.279524,7.49911,24.608706,0.437374,2822,1355
3.278987,7.498936,24.59499,0.437269,2824,1356
3.279881,7.499047,24.607004,0.437512,2826,1357
3.279948,7.498984,24.599568,0.437533,2828,1358
3.280016,7.49892,24.592133,0.437554,2830,1359
3.279792,7.499071,24.599108,0.437388,2832,1360
3.278987,7.499221,24.597797,0.437359,2834,1361
3.280597,7.499411,24.585609,0.437263,2837,1362
3.276841,7.499047,24.568878,0.437002,2839,1363
3.275768,7.498437,24.575348,0.437032,2841,1364
3.27465,7.499379,24.568911,0.436914,2843,1365
3.275992,7.498588,24.560467,0.43678,2845,1366
3.274427,7.498208,24.559855,0.436801,2847,1367
3.27588,7.498398,24.56728,0.436925,2849,1368
3.277333,7.498588,24.574705,0.43705,2851,1369
3.275679,7.499395,24.57213,0.436868,2853,1370
3.27541,7.499237,24.560982,0.43695,2855,1371
3.274874,7.499988,24.566202,0.436904,2857,1372
3.274382,7.499442,24.559334,0.436645,2859,1373
3.273264,7.499292,24.544292,0.436504,2862,1374
3.27246,7.498865,24.537462,0.436423,2864,1375
3.271655,7.49828,24.532944,0.436421,2866,1376
3.271789,7.498287,24.528381,0.436147,2868,1377
3.270716,7.499569,24.524258,0.436204,2870,1378
3.271923,7.499284,24.532874,0.436269,2872,1379
3.27313,7.498999,24.541489,0.436334,2874,1380
3.272549,7.49934,24.529154,0.436199,2876,1381
3.271699,7.499474,24.528513,0.436227,2878,1382
3.271789,7.499783,24.52919,0.436178,2880,1383
3.269598,7.498746,24.528074,0.43626,2882,1384
3.268033,7.498873,24.512955,0.436001,2884,1385
3.268391,7.498493,24.495884,0.435833,2887,1386
3.26705,7.498746,24.494595,0.43579,2889,1387
3.267094,7.498564,24.497589,0.435609,2891,1388
3.265127,7.499458,24.51108,0.435727,2893,1389
3.267228,7.499387,24.50939,0.435753,2895,1390
3.26933,7.499316,24.5077,0.435779,2897,1391
3.266871,7.499585,24.511442,0.435724,2899,1392
3.266334,7.499529,24.505455,0.435772,2901,1393
3.266066,7.498841,24.500586,0.435499,2903,1394
3.266424,7.498952,24.504423,0.435628,2905,1395
3.264769,7.498873,24.472342,0.435326,2907,1396
3.262713,7.498762,24.457407,0.435113,2909,1397
3.262936,7.49843,24.466846,0.43509,2912,1398
3.263607,7.498825,24.466488,0.435052,2914,1399
3.261148,7.499292,24.469687,0.435179,2916,1400
3.262288,7.499252,24.472847,0.435264,2918,1401
3.263428,7.499213,24.476006,0.435349,2920,1402
3.261997,7.499347,24.472675,0.435082,2922,1403
3.262489,7.499015,24.467052,0.434978,2924,1404
3.262176,7.499157,24.45702,0.434998,2926,1405
3.261908,7.499142,24.449852,0.434562,2928,1406
3.259538,7.499687,24.44673,0.43469,2930,1407
3.258912,7.498398,24.437574,0.434524,2932,1408
3.257929,7.498944,24.437572,0.434508,2934,1409
3.259002,7.498485,24.423882,0.43439,2937,1410
3.259337,7.498382,24.432018,0.434518,2938,1411
3.259672,7.49828,24.440153,0.434646,2939,1412
3.258689,7.499031,24.441212,0.43476,2943,1413
3.257973,7.49926,24.431591,0.434666,2945,1414
3.257839,7.49968,24.429502,0.434426,2947,1415
3.25842,7.499316,24.429089,0.434514,2949,1416
3.259136,7.498825,24.41493,0.43403,2951,1417
3.255604,7.498604,24.413843,0.434058,2953,1418
3.253815,7.498564,24.399794,0.434048,2955,1419
3.253592,7.498153,24.40291,0.434172,2957,1420
3.253905,7.49873,24.402317,0.434047,2959,1421
3.255537,7.498458,24.409397,0.434168,2962,1422
3.257169,7.498185,24.416477,0.434288,2964,1423
3.254799,7.4993,24.41338,0.43399,2966,1424
3.254843,7.499403,24.405724,0.434048,2968,1425
3.254531,7.498754,24.40946,0.434003,2970,1426
3.253994,7.499237,24.406183,0.433836,2972,1427
3.253011,7.498904,24.387697,0.433655,2974,1428
3.251893,7.498659,24.385658,0.433685,2976,1429
3.251356,7.498691,24.371866,0.433548,2978,1430
3.250507,7.498888,24.375034,0.43349,2980,1431
3.250238,7.498525,24.369024,0.433382,2982,1432
3.250484,7.498584,24.381106,0.433497,2984,1433
3.25073,7.498643,24.393187,0.433612,2987,1434
3.25158,7.499007,24.384808,0.433609,2989,1435
3.250149,7.498651,24.373873,0.433462,2991,1436
3.25158,7.498485,24.370672,0.433468,2993,1437
3.249881,7.498469,24.360392,0.433313,2995,1438
3.247869,7.498034,24.351721,0.432962,2997,1439
3.247377,7.498833,24.346918,0.432985,2999,1440
3.247019,7.498936,24.343878,0.43304,3001,1441
3.24684,7.498714,24.343956,0.432907,3003,1442
3.246349,7.499379,24.349731,0.433129,3005,1443
3.246058,7.4996,24.344412,0.433003,3007,1444
3.245767,7.499822,24.339094,0.432877,3009,1445
3.247288,7.499418,24.360167,0.433015,3012,1446
3.247243,7.498723,24.344454,0.432905,3014,1447
3.247243,7.498485,24.353397,0.432897,3016,1448
3.244962,7.499142,24.339468,0.433015,3018,1449
3.24304,7.49888,24.326956,0.432598,3020,1450
3.244068,7.49854,24.322889,0.432495,3022,1451
3.24219,7.499015,24.312349,0.432449,3024,1452
3.242816,7.498359,24.309637,0.432381,3026,1453
3.243129,7.498714,24.320848,0.432452,3028,1454
3.243412,7.498957,24.318636,0.432459,3030,1455
3.243696,7.499199,24.316423,0.432467,3032,1456
3.243979,7.499442,24.314211,0.432474,3034,1457
3.242593,7.499466,24.312969,0.432405,3037,1458
3.241833,7.499173,24.312641,0.432374,3039,1459
3.241922,7.499166,24.306561,0.431998,3041,1460
3.239329,7.499355,24.284439,0.431924,3043,1461
3.239016,7.498643,24.293144,0.431829,3045,1462
3.238658,7.49892,24.283897,0.431804,3047,1463
3.238971,7.498809,24.287086,0.431835,3049,1464
3.23915,7.49894,24.299055,0.432038,3050,1465
3.239329,7.499071,24.311024,0.432241,3051,1466
3.239105,7.499102,24.28285,0.431764,3055,1467
3.23915,7.499418,24.284264,0.431922,3057,1468
3.238032,7.499086,24.284725,0.431937,3059,1469
3.237988,7.498936,24.284765,0.431822,3062,1470
3.235618,7.498525,24.256292,0.431512,3064,1471
3.233561,7.498461,24.256685,0.431438,3066,1472
3.235842,7.498651,24.261171,0.431483,3068,1473
3.234903,7.498849,24.251015,0.431351,3070,1474
3.232757,7.499711,24.254452,0.431272,3072,1475
3.234321,7.498611,24.264074,0.431362,3074,1476
3.235976,7.498702,24.268069,0.431406,3076,1477
3.23763,7.498794,24.272064,0.43145,3078,1478
3.235886,7.499173,24.260654,0.431268,3080,1479
3.233696,7.498564,24.25263,0.431275,3082,1480
3.233159,7.498968,24.2526,0.431194,3084,1481
3.231415,7.498706,24.232111,0.430913,3087,1482
3.231773,7.499316,24.240927,0.43095,3089,1483
3.230387,7.498461,24.228416,0.430747,3091,1484
3.231192,7.499031,24.210236,0.43077,3093,1485
3.229314,7.498454,24.216209,0.430674,3095,1486
3.230141,7.498711,24.221983,0.430729,3096,1487
3.230968,7.498968,24.227757,0.430784,3097,1488
3.230432,7.499395,24.22245,0.430764,3101,1489
3.230119,7.498754,24.222363,0.430796,3103,1490
3.229269,7.498802,24.21306,0.430777,3105,1491
3.229806,7.499497,24.210936,0.430465,3107,1492
3.227615,7.498706,24.189835,0.430341,3109,1493
3.225603,7.499015,24.199175,0.430154,3112,1494
3.225558,7.499047,24.187384,0.430224,3114,1495
3.225603,7.498873,24.181877,0.430225,3116,1496
3.225871,7.498699,24.185101,0.43008,3118,1497
3.225938,7.498794,24.19154,0.430084,3120,1498
3.226005,7.498888,24.197979,0.430089,3122,1499
3.224709,7.499181,24.200783,0.430156,3124,1500
3.225871,7.499553,24.190517,0.430063,3126,1501
3.225513,7.499149,24.180326,0.430077,3128,1502
3.223591,7.498525,24.165155,0.430102,3130,1503
3.222205,7.49828,24.162678,0.42976,3132,1504
3.22225,7.498723,24.175205,0.429811,3134,1505
3.221802,7.498802,24.170444,0.429804,3137,1506
3.2214,7.498422,24.165934,0.429677,3139,1507
3.22216,7.498679,24.163328,0.429716,3141,1508
3.22292,7.498936,24.160721,0.429755,3143,1509
3.222518,7.499094,24.164732,0.429577,3145,1510
3.221936,7.499039,24.168085,0.42973,3147,1511
3.223188,7.498604,24.165062,0.429641,3149,1512
3.222294,7.49896,24.159964,0.429759,3151,1513
3.219388,7.498738,24.142229,0.429325,3153,1514
3.218941,7.499426,24.128946,0.429115,3155,1515
3.217063,7.498991,24.137583,0.429296,3157,1516
3.218091,7.498398,24.111757,0.429197,3159,1517
3.216616,7.49862,24.119089,0.42908,3162,1518
3.217958,7.498802,24.12674,0.429092,3164,1519
3.219299,7.498983,24.134392,0.429103,3166,1520
3.219075,7.499197,24.143969,0.429354,3168,1521
3.218449,7.499529,24.137714,0.429124,3170,1522
3.2176,7.498667,24.125124,0.429096,3172,1523
3.216884,7.499371,24.129051,0.429124,3174,1524
3.215185,7.498461,24.109667,0.428712,3176,1525
3.215006,7.498477,24.103979,0.428706,3178,1526
3.213352,7.498224,24.094791,0.42866,3180,1527
3.214559,7.498113,24.09886,0.428741,3182,1528
3.214023,7.498675,24.094419,0.428509,3184,1529
3.214604,7.498818,24.101762,0.42863,3186,1530
3.215185,7.49896,24.109106,0.42875,3189,1531
3.214828,7.49877,24.111816,0.428594,3191,1532
3.214604,7.499054,24.106596,0.428518,3193,1533
3.21362,7.498746,24.102304,0.428427,3195,1534
3.213754,7.499166,24.09383,0.428601,3197,1535
3.211117,7.499181,24.076574,0.428274,3199,1536
3.209909,7.497678,24.080166,0.428151,3201,1537
3.210714,7.498485,24.08363,0.428181,3203,1538
3.209775,7.498501,24.058914,0.42805,3205,1539
3.209015,7.498628,24.078932,0.42817,3207,1540
3.209998,7.498774,24.078149,0.428157,3210,1541
3.210982,7.49892,24.077366,0.428145,3212,1542
3.209865,7.498991,24.063461,0.428197,3214,1543
3.21058,7.499308,24.074028,0.428035,3216,1544
3.209641,7.499118,24.071829,0.427819,3218,1545
3.209641,7.499181,24.056366,0.427503,3220,1546
3.2083,7.498991,24.055851,0.427583,3222,1547
3.205885,7.498572,24.049452,0.427532,3224,1548
3.205885,7.498888,24.033401,0.427382,3226,1549
3.204812,7.498794,24.041935,0.427425,3228,1550
3.205125,7.499035,24.047232,0.427516,3230,1551
3.205438,7.499276,24.05253,0.427606,3232,1552
3.20669,7.498928,24.049629,0.42753,3234,1553
3.205751,7.49926,24.042082,0.427561,3236,1554
3.205081,7.498841,24.038368,0.427451,3239,1555
3.205528,7.498904,24.035864,0.427297,3241,1556
3.203292,7.498999,24.019594,0.427181,3243,1557
3.202577,7.498952,24.016722,0.427036,3245,1558
3.201817,7.498454,24.013466,0.4269,3247,1559
3.201414,7.498556,24.012064,0.426999,3249,1560
3.201101,7.498556,24.005133,0.427008,3251,1561
3.202376,7.49896,24.008952,0.426976,3253,1562
3.20365,7.499363,24.01277,0.426944,3255,1563
3.204097,7.49862,24.006006,0.426823,3257,1564
3.202756,7.498849,24.010155,0.427016,3259,1565
3.202398,7.499181,24.006069,0.426983,3261,1566
3.201459,7.498588,23.993757,0.426616,3264,1567
3.200207,7.498691,23.991488,0.426514,3266,1568
3.198463,7.49873,23.982986,0.426548,3268,1569
3.196943,7.498897,23.978411,0.426235,3270,1570
3.197078,7.49873,23.984276,0.426446,3272,1571
3.198374,7.498857,23.993629,0.426596,3274,1572
3.198307,7.499047,23.992641,0.426486,3276,1573
3.19824,7.499237,23.991653,0.426377,3278,1574
3.198866,7.499221,23.98332,0.42638,3280,1575
3.197122,7.49926,23.96726,0.426223,3282,1576
3.19815,7.499031,23.974459,0.426303,3284,1577
3.196899,7.498667,23.960863,0.426021,3286,1578
3.194752,7.498485,23.957119,0.426003,3289,1579
3.194708,7.498983,23.950424,0.426037,3291,1580
3.19359,7.498192,23.943111,0.425831,3293,1581
3.192517,7.498517,23.945879,0.425757,3295,1582
3.194127,7.499426,23.966364,0.425963,3297,1583
3.194149,7.499311,23.960059,0.425962,3299,1584
3.194171,7.499197,23.953754,0.425961,3301,1585
3.194439,7.499687,23.955772,0.426013,3303,1586
3.193456,7.499276,23.950045,0.425781,3305,1587
3.193903,7.499078,23.939791,0.425883,3307,1588
3.191265,7.498651,23.919107,0.425312,3309,1589
3.19046,7.498398,23.928885,0.425508,3311,1590
3.189164,7.498556,23.92594,0.425343,3314,1591
3.188046,7.498944,23.919455,0.425356,3316,1592
3.190237,7.498058,23.911678,0.425198,3318,1593
3.190572,7.498536,23.921228,0.425346,3319,1594
3.190907,7.499015,23.930777,0.425495,3320,1595
3.19055,7.499426,23.927288,0.425433,3324,1596
3.190907,7.498904,23.919239,0.425483,3326,1597
3.189566,7.499213,23.915506,0.425413,3328,1598
3.190281,7.498643,23.90941,0.425253,3330,1599
3.186928,7.498517,23.892792,0.424863,3332,1600
3.186168,7.498446,23.887648,0.424899,3334,1601
3.186973,7.49843,23.900795,0.424832,3336,1602
3.18505,7.498628,23.883564,0.424878,3339,1603
3.184424,7.499063,23.884277,0.424769,3341,1604
3.185363,7.498972,23.892026,0.424767,3342,1605
3.186302,7.49888,23.899776,0.424766,3343,1606
3.186213,7.49896,23.887808,0.424823,3347,1607
3.185006,7.499086,23.887915,0.424853,3349,1608
3.185229,7.499569,23.891582,0.424698,3351,1609
3.185318,7.499102,23.882299,0.424824,3353,1610
3.181607,7.498477,23.86421,0.424357,3355,1611
3.181607,7.498271,23.848286,0.424372,3357,1612
3.181473,7.498802,23.850222,0.424343,3359,1613
3.180937,7.498446,23.847481,0.424039,3361,1614
3.179998,7.498509,23.847397,0.424113,3364,1615
3.181674,7.498782,23.855465,0.424236,3366,1616
3.183351,7.499054,23.863533,0.424358,3368,1617
3.182189,7.49843,23.858704,0.424231,3370,1618
3.180758,7.499015,23.852058,0.424262,3372,1619
3.182144,7.498817,23.84594,0.424097,3374,1620
3.180043,7.498825,23.841991,0.423925,3376,1621
3.177718,7.498604,23.82382,0.42389,3378,1622
3.17821,7.498414,23.816753,0.423935,3380,1623
3.177584,7.499403,23.819208,0.423641,3382,1624
3.176555,7.498604,23.818554,0.423648,3384,1625
3.176913,7.498683,23.825243,0.423885,3386,1626
3.17707,7.498667,23.82397,0.423762,3388,1627
3.177226,7.498651,23.822697,0.423639,3391,1628
3.178299,7.498706,23.825262,0.423665,3393,1629
3.176153,7.499783,23.82972,0.423753,3395,1630
3.176242,7.499205,23.816532,0.423536,3397,1631
3.175303,7.499442,23.815353,0.423288,3399,1632
3.173157,7.498983,23.800615,0.423207,3401,1633
3.17347,7.49877,23.798101,0.423177,3403,1634
3.173873,7.499331,23.800997,0.423352,3405,1635
3.172621,7.498461,23.792234,0.423019,3407,1636
3.171861,7.498706,23.796696,0.423149,3409,1637
3.171101,7.498952,23.801159,0.423279,3411,1638
3.173202,7.498841,23.798096,0.423361,3414,1639
3.173381,7.49968,23.80028,0.423097,3416,1640
3.173336,7.499426,23.795403,0.422935,3418,1641
3.171369,7.499054,23.785643,0.423034,3420,1642
3.170653,7.498723,23.768616,0.422663,3422,1643
3.169402,7.498461,23.763588,0.422559,3424,1644
3.169223,7.498082,23.771143,0.422739,3426,1645
3.16882,7.498145,23.75806,0.422725,3428,1646
3.168418,7.498287,23.751331,0.422446,3430,1647
3.168462,7.4989,23.758439,0.42257,3432,1648
3.168507,7.499514,23.765547,0.422695,3434,1649
3.169178,7.499316,23.769867,0.422777,3436,1650
3.16815,7.498968,23.764215,0.422598,3439,1651
3.168463,7.499015,23.757275,0.422288,3441,1652
3.167032,7.499039,23.756166,0.422519,3443,1653
3.166495,7.499569,23.741201,0.422047,3445,1654
3.165556,7.498897,23.737003,0.42212,3447,1655
3.164931,7.498841,23.726454,0.421933,3449,1656
3.164528,7.498572,23.736519,0.422103,3451,1657
3.164304,7.498351,23.73765,0.422057,3453,1658
3.165221,7.498556,23.736896,0.422064,3455,1659
3.166138,7.498762,23.736143,0.422072,3457,1660
3.165556,7.498485,23.732344,0.422081,3459,1661
3.163768,7.498611,23.723476,0.421948,3461,1662
3.164215,7.499015,23.740528,0.422029,3464,1663
3.161801,7.498659,23.711401,0.421467,3466,1664
3.161577,7.498706,23.704504,0.42168,3468,1665
3.161667,7.498706,23.711143,0.421559,3470,1666
3.159878,7.499197,23.703571,0.421527,3472,1667
3.159521,7.498588,23.695354,0.421303,3474,1668
3.160728,7.498572,23.698512,0.421466,3476,1669
3.161935,7.498556,23.70167,0.421629,3478,1670
3.160638,7.499071,23.714264,0.421488,3480,1671
3.160996,7.49873,23.700157,0.421399,3482,1672
3.159297,7.49934,23.700386,0.421371,3484,1673
3.159297,7.499711,23.691277,0.42123,3486,1674
3.158134,7.498572,23.687096,0.421103,3489,1675
3.15733,7.498232,23.667845,0.420951,3491,1676
3.156883,7.49873,23.673206,0.420991,3493,1677
3.155944,7.498549,23.673111,0.421001,3495,1678
3.155541,7.49824,23.669617,0.420824,3497,1679
3.15677,7.498636,23.673035,0.420958,3499,1680
3.158,7.499031,23.676453,0.421092,3501,1681
3.156346,7.499609,23.6735,0.420837,3503,1682
3.156167,7.498596,23.664534,0.420898,3505,1683
3.154021,7.498991,23.661657,0.420749,3507,1684
3.155362,7.498738,23.650537,0.420342,3509,1685
3.153127,7.498469,23.650595,0.420683,3511,1686
3.152635,7.498549,23.6343,0.420369,3514,1687
3.151517,7.498904,23.641827,0.420332,3516,1688
3.150668,7.498706,23.621719,0.420321,3518,1689
3.150489,7.499142,23.634005,0.420332,3520,1690
3.151495,7.498948,23.630062,0.420392,3522,1691
3.152501,7.498754,23.62612,0.420453,3524,1692
3.152948,7.498564,23.628006,0.420252,3526,1693
3.150578,7.498817,23.632792,0.420112,3528,1694
3.151428,7.499142,23.63372,0.420091,3530,1695
3.151786,7.498596,23.615112,0.420094,3532,1696
3.148432,7.49828,23.591612,0.419627,3534,1697
3.148075,7.49911,23.603458,0.419632,3536,1698
3.148343,7.498082,23.597923,0.41967,3539,1699
3.147762,7.498311,23.60046,0.419715,3541,1700
3.14765,7.498291,23.607399,0.41978,3542,1701
3.147538,7.498271,23.614338,0.419844,3543,1702
3.147493,7.499292,23.612095,0.419847,3547,1703
3.147806,7.499434,23.603361,0.419812,3549,1704
3.147896,7.499039,23.605085,0.419742,3551,1705
3.147851,7.498398,23.600046,0.419681,3553,1706
3.145124,7.498493,23.581873,0.419437,3555,1707
3.145839,7.498359,23.590233,0.419383,3557,1708
3.144632,7.497789,23.578037,0.419248,3559,1709
3.143917,7.499252,23.578426,0.419267,3561,1710
3.143157,7.498825,23.570513,0.4192,3564,1711
3.143961,7.49877,23.576675,0.419348,3566,1712
3.143626,7.499162,23.57547,0.41931,3568,1713
3.143291,7.499553,23.574265,0.419272,3570,1714
3.144051,7.499252,23.575878,0.419305,3572,1715
3.144945,7.499015,23.580215,0.419214,3574,1716
3.14262,7.499434,23.559029,0.419282,3576,1717
3.140653,7.49824,23.551006,0.418698,3578,1718
3.139266,7.498525,23.547754,0.418702,3580,1719
3.138506,7.498469,23.54332,0.418784,3582,1720
3.141413,7.498628,23.546659,0.418702,3584,1721
3.137299,7.498643,23.540253,0.41863,3586,1722
3.138663,7.498924,23.547437,0.418704,3588,1723
3.140027,7.499205,23.554621,0.418778,3591,1724
3.139937,7.499387,23.541718,0.41866,3593,1725
3.140697,7.499331,23.546474,0.418522,3595,1726
3.138596,7.49896,23.54014,0.418588,3597,1727
3.137925,7.49888,23.538441,0.418576,3599,1728
3.13712,7.498517,23.523165,0.418197,3601,1729
3.135422,7.499149,23.513105,0.418187,3603,1730
3.135287,7.497923,23.515121,0.418081,3605,1731
3.135064,7.498232,23.509792,0.417903,3607,1732
3.133901,7.498604,23.501896,0.418125,3609,1733
3.134594,7.498845,23.510692,0.41812,3612,1734
3.135287,7.499086,23.519487,0.418114,3614,1735
3.135958,7.499023,23.50696,0.417962,3616,1736
3.135779,7.498723,23.497971,0.418066,3618,1737
3.134393,7.499126,23.503107,0.417887,3620,1738
3.132471,7.499157,23.48563,0.417599,3622,1739
3.131308,7.498991,23.48184,0.417403,3624,1740
3.13028,7.49888,23.47373,0.41739,3626,1741
3.129743,7.498762,23.468472,0.41742,3628,1742
3.130459,7.498477,23.475327,0.417371,3630,1743
3.131487,7.498651,23.479718,0.417478,3631,1744
3.132515,7.498825,23.48411,0.417584,3632,1745
3.130772,7.49854,23.481352,0.417608,3636,1746
3.130414,7.499403,23.470057,0.417493,3639,1747
3.129609,7.499609,23.471521,0.417333,3641,1748
3.129833,7.498991,23.466394,0.41728,3643,1749
3.127105,7.499015,23.451982,0.416933,3645,1750
3.126166,7.499134,23.444338,0.416914,3647,1751
3.125898,7.498983,23.442089,0.416851,3649,1752
3.127239,7.498785,23.430618,0.41692,3651,1753
3.12487,7.499268,23.432539,0.416909,3653,1754
3.125183,7.49896,23.437405,0.416924,3655,1755
3.125496,7.498651,23.442272,0.416938,3657,1756
3.126256,7.498754,23.435936,0.416948,3659,1757
3.124333,7.4993,23.442446,0.416943,3661,1758
3.125093,7.498635,23.433609,0.416555,3664,1759
3.124512,7.499331,23.432783,0.416706,3666,1760
3.122098,7.498999,23.417597,0.416339,3668,1761
3.122187,7.498723,23.406084,0.416387,3670,1762
3.121785,7.498651,23.395479,0.416122,3672,1763
3.121606,7.498968,23.40403,0.416187,3674,1764
3.119952,7.499656,23.415051,0.416406,3676,1765
3.121003,7.499537,23.414741,0.416398,3678,1766
3.122053,7.499418,23.414431,0.416391,3680,1767
3.119639,7.49926,23.408154,0.416154,3682,1768
3.121114,7.498888,23.399691,0.416101,3684,1769
3.120265,7.498825,23.392267,0.416086,3686,1770
3.118119,7.498746,23.391697,0.41592,3689,1771
3.118074,7.498366,23.372862,0.415631,3691,1772
3.116822,7.49862,23.375668,0.415761,3693,1773
3.116732,7.498754,23.373661,0.415749,3695,1774
3.115525,7.49786,23.366806,0.415403,3697,1775
3.116352,7.498236,23.366674,0.415454,3698,1776
3.11718,7.498611,23.366541,0.415505,3699,1777
3.116151,7.499189,23.380173,0.415605,3703,1778
3.115972,7.499189,23.361921,0.415562,3705,1779
3.11633,7.499126,23.376789,0.415602,3707,1780
3.115436,7.498287,23.364216,0.415494,3709,1781
3.114452,7.498596,23.343126,0.415084,3711,1782
3.112574,7.498461,23.330013,0.414913,3714,1783
3.111859,7.498525,23.337383,0.41512,3716,1784
3.112396,7.498643,23.32629,0.414905,3718,1785
3.110607,7.498501,23.33075,0.414768,3720,1786
3.11083,7.498493,23.333521,0.414893,3721,1787
3.111054,7.498485,23.336292,0.415018,3722,1788
3.111054,7.498485,23.334757,0.414989,3726,1789
3.109892,7.498999,23.322033,0.414786,3728,1790
3.11025,7.498611,23.316481,0.414831,3730,1791
3.109981,7.499086,23.311501,0.414289,3732,1792
3.107567,7.498991,23.288904,0.414341,3734,1793
3.106047,7.498525,23.299049,0.414314,3736,1794
3.106673,7.49824,23.29402,0.414381,3739,1795
3.105823,7.49877,23.293972,0.414262,3741,1796
3.105599,7.498659,23.290237,0.414294,3743,1797
3.105979,7.498924,23.291526,0.414268,3745,1798
3.106359,7.499189,23.292814,0.414242,3747,1799
3.106002,7.499157,23.286631,0.414042,3749,1800
3.106449,7.498873,23.281693,0.414289,3751,1801
3.105152,7.499292,23.28067,0.414049,3753,1802
3.104884,7.499323,23.265106,0.413821,3755,1803
3.101799,7.498928,23.261116,0.413631,3757,1804
3.101441,7.498208,23.251379,0.413548,3759,1805
3.10162,7.498754,23.250692,0.413655,3761,1806
3.100324,7.499054,23.241066,0.413315,3764,1807
3.10086,7.499201,23.249992,0.41346,3765,1808
3.101397,7.499347,23.258917,0.413604,3766,1809
3.101397,7.499244,23.252066,0.413511,3770,1810
3.10171,7.499276,23.25061,0.41366,3772,1811
3.101039,7.498888,23.24638,0.413396,3774,1812
3.099519,7.49934,23.247597,0.413304,3776,1813
3.096434,7.499157,23.222708,0.413139,3778,1814
3.097015,7.498564,23.220688,0.413016,3780,1815
3.0963,7.498343,23.218456,0.41294,3782,1816
3.095987,7.49896,23.218521,0.412716,3784,1817
3.09554,7.499213,23.206507,0.412695,3786,1818
3.095607,7.499178,23.210889,0.412702,3788,1819
3.095674,7.499142,23.215271,0.41271,3789,1820
3.094556,7.499228,23.219431,0.412955,3793,1821
3.095897,7.499363,23.210209,0.412705,3795,1822
3.093706,7.499134,23.204887,0.412571,3797,1823
3.093841,7.499205,23.18989,0.412449,3799,1824
3.091337,7.498454,23.187426,0.412269,3801,1825
3.090264,7.498635,23.174351,0.412155,3803,1826
3.090353,7.498691,23.166784,0.411878,3805,1827
3.089727,7.499181,23.176794,0.412134,3807,1828
3.088744,7.49873,23.152651,0.411845,3809,1829
3.089638,7.498742,23.166979,0.412087,3812,1830
3.090532,7.498754,23.181307,0.412329,3814,1831
3.090174,7.498849,23.172859,0.411886,3816,1832
3.088431,7.499442,23.162321,0.411848,3818,1833
3.088833,7.499371,23.152729,0.411899,3820,1834
3.087447,7.499126,23.160725,0.411722,3822,1835
3.085256,7.498841,23.13501,0.411543,3824,1836
3.086106,7.498533,23.136126,0.411421,3826,1837
3.083468,7.498912,23.128159,0.411357,3828,1838
3.082976,7.498509,23.123318,0.41123,3830,1839
3.083572,7.498664,23.121146,0.411204,3832,1840
3.084168,7.49882,23.118974,0.411178,3834,1841
3.084764,7.498975,23.116802,0.411152,3836,1842
3.082663,7.498611,23.124823,0.411101,3839,1843
3.081724,7.499213,23.107695,0.411011,3841,1844
3.082931,7.499403,23.121946,0.411022,3843,1845
3.082797,7.498928,23.10672,0.410782,3845,1846
3.079399,7.498936,23.088869,0.41059,3847,1847
3.078013,7.498366,23.080597,0.410576,3849,1848
3.078103,7.498303,23.080254,0.410612,3851,1849
3.076001,7.498675,23.079403,0.410447,3853,1850
3.0777,7.498216,23.079269,0.410443,3855,1851
3.07761,7.498647,23.08363,0.410498,3857,1852
3.077521,7.499078,23.087992,0.410553,3859,1853
3.076627,7.498817,23.072779,0.410388,3861,1854
3.077745,7.499268,23.071699,0.410256,3863,1855
3.076046,7.499086,23.064163,0.410034,3866,1856
3.074615,7.498849,23.067713,0.410006,3868,1857
3.073452,7.498596,23.044563,0.4098,3870,1858
3.073318,7.499126,23.03895,0.409737,3872,1859
3.070189,7.498714,23.0467,0.409592,3874,1860
3.07162,7.499237,23.023008,0.409543,3876,1861
3.068937,7.498611,23.036238,0.409509,3878,1862
3.070457,7.498932,23.036623,0.409522,3880,1863
3.071977,7.499252,23.037008,0.409536,3882,1864
3.070502,7.498991,23.027546,0.409465,3884,1865
3.069831,7.499363,23.026272,0.409463,3886,1866
3.068579,7.498208,23.012793,0.409296,3888,1867
3.068892,7.498437,22.999565,0.409038,3891,1868
3.066791,7.498714,22.989822,0.408913,3893,1869
3.064913,7.498738,22.971296,0.408623,3895,1870
3.064734,7.498208,22.972956,0.408707,3897,1871
3.065628,7.499292,22.974703,0.408541,3899,1872
3.065919,7.498829,22.979927,0.408705,3901,1873
3.06621,7.498366,22.985151,0.408869,3903,1874
3.064555,7.498825,22.974863,0.408589,3905,1875
3.063393,7.499197,22.977247,0.408567,3907,1876
3.063482,7.498762,22.966805,0.408335,3909,1877
3.06223,7.498359,22.943932,0.408094,3911,1878
3.058698,7.498596,22.936501,0.407868,3913,1879
3.058743,7.498564,22.94186,0.407984,3916,1880
3.058653,7.498778,22.935015,0.407958,3918,1881
3.057312,7.49839,22.923962,0.407718,3920,1882
3.056239,7.498454,22.926943,0.407912,3922,1883
3.056351,7.498608,22.927417,0.407914,3924,1884
3.056463,7.498762,22.927891,0.407917,3926,1885
3.057983,7.498865,22.9312,0.407676,3928,1886
3.057625,7.499007,22.926311,0.407509,3930,1887
3.056194,7.498849,22.914799,0.407509,3932,1888
3.054137,7.49854,22.89756,0.407268,3934,1889
3.051991,7.498343,22.8787,0.406957,3936,1890
3.051455,7.498564,22.878504,0.406881,3938,1891
3.051902,7.498414,22.874847,0.406754,3941,1892
3.049443,7.498319,22.883617,0.406684,3943,1893
3.049309,7.498778,22.879171,0.406881,3945,1894
3.049823,7.498778,22.878559,0.406846,3947,1895
3.050337,7.498778,22.877947,0.40681,3949,1896
3.051053,7.498928,22.875906,0.406705,3951,1897
3.04837,7.499292,22.868664,0.406563,3953,1898
3.048817,7.498723,22.858559,0.406562,3955,1899
3.044391,7.498723,22.837084,0.406166,3957,1900
3.045195,7.498556,22.8186,0.405712,3959,1901
3.042245,7.498604,22.822523,0.405726,3961,1902
3.043005,7.499063,22.812803,0.405688,3963,1903
3.041216,7.498343,22.811028,0.405657,3966,1904
3.041976,7.49877,22.813078,0.405739,3968,1905
3.042736,7.499197,22.815128,0.405821,3970,1906
3.042155,7.498477,22.816858,0.405718,3972,1907
3.040545,7.49896,22.800327,0.405508,3974,1908
3.039785,7.498841,22.800341,0.405484,3976,1909
3.040456,7.498699,22.798319,0.405106,3978,1910
3.037192,7.498351,22.763948,0.405019,3980,1911
3.035717,7.498596,22.762556,0.404774,3982,1912
3.035583,7.498714,22.764765,0.404673,3984,1913
3.034331,7.498564,22.757032,0.404539,3986,1914
3.032498,7.49858,22.761364,0.404774,3988,1915
3.033056,7.498682,22.756158,0.404763,3990,1916
3.033615,7.498785,22.750952,0.404752,3993,1917
3.03375,7.498746,22.746685,0.404345,3995,1918
3.03299,7.499007,22.747591,0.404398,3997,1919
3.030664,7.49877,22.737656,0.404338,3999,1920
3.030575,7.498604,22.702284,0.403906,4001,1921
3.02834,7.498604,22.70372,0.404002,4003,1922
3.027222,7.498366,22.698307,0.403671,4005,1923
3.025746,7.498596,22.69146,0.403578,4007,1924
3.025076,7.498177,22.682552,0.403336,4009,1925
3.025277,7.49847,22.686538,0.403356,4010,1926
3.025478,7.498762,22.690523,0.403376,4011,1927
3.026685,7.498113,22.696249,0.403419,4016,1928
3.024718,7.498493,22.678864,0.403301,4018,1929
3.024494,7.498825,22.674791,0.403353,4020,1930
3.022795,7.49862,22.654387,0.402871,4022,1931
3.020068,7.497844,22.630039,0.402741,4024,1932
3.018414,7.499007,22.633099,0.402501,4026,1933
3.017609,7.49809,22.621153,0.402435,4028,1934
3.016178,7.498263,22.615879,0.402378,4030,1935
3.015821,7.498414,22.617529,0.402266,4032,1936
3.015888,7.498568,22.619222,0.402177,4034,1937
3.015955,7.498723,22.620914,0.402088,4036,1938
3.014211,7.498643,22.613581,0.402037,4038,1939
3.014256,7.499031,22.6022,0.401774,4041,1940
3.012154,7.498572,22.595982,0.401699,4043,1941
3.009964,7.498509,22.578024,0.401604,4045,1942
3.008265,7.498659,22.562855,0.401242,4047,1943
3.006342,7.498327,22.557713,0.401046,4049,1944
3.007013,7.498635,22.549641,0.401045,4051,1945
3.005001,7.498335,22.530481,0.400755,4053,1946
3.005984,7.499126,22.539648,0.400922,4055,1947
3.00518,7.498774,22.539197,0.400914,4057,1948
3.004375,7.498422,22.538746,0.400906,4059,1949
3.003838,7.499031,22.523678,0.400556,4061,1950
3.003436,7.498643,22.518709,0.400759,4063,1951
3.001334,7.498778,22.502241,0.400043,4066,1952
2.999993,7.498153,22.490219,0.399867,4068,1953
2.997579,7.498628,22.469593,0.399797,4070,1954
2.996863,7.497994,22.462299,0.399666,4072,1955
2.995969,7.49809,22.467272,0.399429,4074,1956
2.994091,7.498454,22.447828,0.399365,4076,1957
2.994516,7.498636,22.454304,0.399376,4078,1958
2.994941,7.498817,22.460779,0.399387,4080,1959
2.994091,7.498762,22.452106,0.399181,4082,1960
2.992974,7.499228,22.436964,0.399181,4084,1961
2.99123,7.498746,22.427917,0.399049,4086,1962
2.989397,7.498588,22.429846,0.398843,4088,1963
2.989799,7.498643,22.390932,0.398449,4091,1964
2.986222,7.498121,22.389164,0.398285,4093,1965
2.984747,7.498303,22.377777,0.398021,4095,1966
2.983629,7.498446,22.371126,0.397849,4097,1967
2.983182,7.497765,22.362053,0.397678,4099,1968
2.982511,7.498509,22.372908,0.397946,4101,1969
2.981662,7.4989,22.365015,0.397779,4103,1970
2.980812,7.499292,22.357122,0.397611,4105,1971
2.981259,7.498667,22.356565,0.397487,4107,1972
2.979337,7.498359,22.339424,0.397226,4109,1973
2.979247,7.498691,22.333279,0.397119,4111,1974
2.974553,7.498437,22.306391,0.396854,4113,1975
2.973614,7.498287,22.288963,0.396605,4116,1976
2.97111,7.498785,22.286842,0.396358,4118,1977
2.971155,7.498944,22.281166,0.396169,4120,1978
2.969411,7.498311,22.272293,0.396055,4122,1979
2.96959,7.498861,22.275893,0.396107,4124,1980
2.969769,7.499411,22.279493,0.396159,4126,1981
2.968561,7.498802,22.265966,0.395912,4128,1982
2.967667,7.498611,22.255949,0.395879,4130,1983
2.965968,7.498635,22.243176,0.395605,4132,1984
2.964716,7.499047,22.236591,0.395381,4134,1985
2.962883,7.49888,22.212515,0.39486,4136,1986
2.960648,7.498564,22.203436,0.394657,4138,1987
2.959619,7.498794,22.196608,0.394702,4141,1988
2.958859,7.498778,22.16987,0.394404,4143,1989
2.955819,7.499134,22.167749,0.394301,4145,1990
2.956378,7.499126,22.165462,0.394281,4147,1991
2.956937,7.499118,22.163174,0.394261,4149,1992
2.954746,7.498873,22.168474,0.393965,4151,1993
2.953002,7.499071,22.160095,0.394014,4153,1994
2.952823,7.49877,22.142481,0.393773,4155,1995
2.94947,7.499244,22.123907,0.393374,4157,1996
2.948174,7.499149,22.100042,0.39306,4159,1997
2.94643,7.498509,22.086243,0.392792,4161,1998
2.943926,7.498303,22.082701,0.392742,4163,1999
2.943568,7.497939,22.065472,0.392221,4166,2000
2.941735,7.498746,22.066914,0.392413,4168,2001
2.941712,7.498628,22.058622,0.39237,4170,2002
2.94169,7.498509,22.050331,0.392327,4172,2003
2.939812,7.498778,22.049242,0.391972,4174,2004
2.937845,7.499047,22.037628,0.39199,4176,2005
2.936504,7.4993,22.015335,0.391568,4178,2006
2.935833,7.499244,22.006548,0.391159,4180,2007
2.931675,7.498018,21.982738,0.390954,4182,2008
2.930334,7.498501,21.965401,0.390651,4184,2009
2.928367,7.498556,21.958429,0.390609,4186,2010
2.926355,7.498564,21.934799,0.390378,4188,2011
2.926444,7.499007,21.943175,0.39045,4190,2012
2.926533,7.49945,21.951551,0.390521,4193,2013
2.926578,7.498651,21.94828,0.390191,4195,2014
2.92394,7.498683,21.930614,0.389918,4197,2015
2.921973,7.499047,21.91955,0.389732,4199,2016
2.921615,7.498825,21.884544,0.389367,4201,2017
2.916563,7.498003,21.876476,0.389157,4203,2018
2.916071,7.498461,21.862673,0.388897,4205,2019
2.914953,7.499063,21.855215,0.388604,4207,2020
2.912718,7.498604,21.83275,0.388304,4209,2021
2.910348,7.498216,21.834322,0.388513,4211,2022
2.910818,7.498588,21.827598,0.388409,4214,2023
2.911287,7.49896,21.820875,0.388305,4216,2024
2.908605,7.499434,21.805607,0.38797,4218,2025
2.907397,7.498659,21.812054,0.387749,4220,2026
2.905877,7.499213,21.788929,0.387503,4222,2027
2.904402,7.498208,21.772455,0.38716,4224,2028
2.901898,7.497757,21.750883,0.386839,4226,2029
2.899349,7.498952,21.735336,0.38665,4228,2030
2.896846,7.49839,21.729773,0.386368,4230,2031
2.896443,7.498738,21.712725,0.386137,4232,2032
2.892106,7.498794,21.714031,0.386068,4234,2033
2.893202,7.498972,21.707254,0.386031,4236,2034
2.894297,7.499149,21.700476,0.385994,4238,2035
2.892241,7.498975,21.696474,0.385747,4241,2036
2.891301,7.499205,21.674423,0.385575,4243,2037
2.888664,7.498461,21.670233,0.385307,4245,2038
2.884863,7.498501,21.627691,0.384698,4247,2039
2.881555,7.497884,21.620455,0.384417,4249,2040
2.880571,7.499331,21.607229,0.384291,4251,2041
2.879409,7.499142,21.588589,0.38399,4253,2042
2.877665,7.498628,21.57399,0.383902,4255,2043
2.877262,7.498715,21.574834,0.383778,4257,2044
2.87686,7.498802,21.575678,0.383655,4259,2045
2.875966,7.498667,21.565178,0.383181,4261,2046
2.874446,7.498319,21.553158,0.38331,4263,2047
2.872657,7.499134,21.537205,0.382976,4266,2048
2.870556,7.498248,21.511433,0.382521,4268,2049
2.866889,7.498904,21.498758,0.382282,4270,2050
2.865012,7.49888,21.470924,0.381841,4272,2051
2.862776,7.498628,21.459665,0.381728,4274,2052
2.860809,7.498667,21.456215,0.381614,4276,2053
2.861256,7.499157,21.450363,0.38142,4278,2054
2.860026,7.499272,21.449337,0.381372,4280,2055
2.858797,7.499387,21.448311,0.381323,4282,2056
2.856561,7.498588,21.431824,0.380928,4284,2057
2.854281,7.499063,21.405527,0.380787,4286,2058
2.853387,7.498738,21.393953,0.380286,4288,2059
2.851688,7.498888,21.364347,0.379994,4291,2060
2.848111,7.49839,21.351616,0.379834,4293,2061
2.846278,7.499205,21.33674,0.379527,4295,2062
2.843953,7.49805,21.322348,0.379136,4297,2063
2.84212,7.49809,21.306877,0.379038,4299,2064
2.83984,7.49828,21.295105,0.378735,4301,2065
2.839438,7.498644,21.290344,0.378675,4303,2066
2.839035,7.499007,21.285583,0.378615,4305,2067
2.837157,7.498509,21.280594,0.378245,4307,2068
2.836442,7.498659,21.25836,0.377987,4309,2069
2.83434,7.498912,21.247871,0.377874,4311,2070
2.831255,7.498723,21.204554,0.377354,4313,2071
2.82665,7.498493,21.196867,0.377174,4316,2072
2.824548,7.498129,21.176483,0.376685,4318,2073
2.822179,7.498398,21.170649,0.376554,4320,2074
2.819809,7.498699,21.141508,0.376196,4322,2075
2.820032,7.498814,21.147896,0.376225,4324,2076
2.820256,7.498928,21.154285,0.376254,4326,2077
2.81896,7.49911,21.140514,0.375864,4328,2078
2.816993,7.499371,21.12122,0.37558,4330,2079
2.814265,7.498454,21.108536,0.375283,4332,2080
2.811985,7.498683,21.096611,0.374919,4334,2081
2.80729,7.498746,21.063566,0.374595,4336,2082
2.806709,7.498628,21.049839,0.374237,4338,2083
2.803892,7.49858,21.029137,0.37405,4341,2084
2.802014,7.498177,20.998426,0.373423,4343,2085
