Timestamp,Voltage (V),Current (A),Power (W),Resistance (Î©),Capacity used (mAh),Discharge Time (s)
2025-03-03 14:50:52,4.182812,0,0,0,0,0
2025-03-03 14:50:53,4.182991,0,0,0,0,0
2025-03-03 14:50:54,4.184601,0,0,0,0,0
2025-03-03 14:50:55,4.183751,0,0,0,0,0
2025-03-03 14:50:56,4.182902,0,0,0,0,0
2025-03-03 14:50:57,4.174854,0.815712,4.139871,4.169036,0,0
2025-03-03 14:50:59,4.151202,0.997074,4.138660,4.163114,0,1
2025-03-03 14:51:00,4.150129,0.997320,4.140600,4.163848,0,2
2025-03-03 14:51:01,4.149682,0.997264,4.139689,4.161944,0,3
2025-03-03 14:51:02,4.150710,0.997177,4.140127,4.161937,1,4
2025-03-03 14:51:03,4.149101,0.997723,4.137794,4.160497,1,5
2025-03-03 14:51:04,4.150129,0.997596,4.139941,4.160109,1,6
2025-03-03 14:51:05,4.146686,0.997256,4.139372,4.157674,1,7
2025-03-03 14:51:06,4.145524,0.997161,4.131251,4.157074,2,8
2025-03-03 14:51:07,4.145077,0.997335,4.132479,4.155760,2,9
2025-03-03 14:51:08,4.143869,0.996726,4.131047,4.157537,3,11
2025-03-03 14:51:10,4.143154,0.997106,4.131979,4.156257,3,12
2025-03-03 14:51:11,4.144763,0.997027,4.132225,4.153860,3,13
2025-03-03 14:51:12,4.143601,0.997114,4.133495,4.154337,3,14
2025-03-03 14:51:13,4.143243,0.997153,4.133756,4.154669,4,15
2025-03-03 14:51:14,4.143288,0.997272,4.133223,4.155555,4,16
2025-03-03 14:51:15,4.142707,0.997383,4.131438,4.152034,4,17
2025-03-03 14:51:16,4.142260,0.997501,4.130019,4.152837,4,18
2025-03-03 14:51:17,4.139622,0.997169,4.128036,4.150652,5,19
2025-03-03 14:51:18,4.139577,0.997296,4.128285,4.151890,5,20
2025-03-03 14:51:19,4.139041,0.997122,4.126606,4.152322,6,22
2025-03-03 14:51:21,4.138906,0.997059,4.126019,4.149922,6,23
2025-03-03 14:51:22,4.137386,0.996995,4.126746,4.151446,6,24
2025-03-03 14:51:23,4.140114,0.997280,4.129659,4.149619,6,25
2025-03-03 14:51:24,4.138012,0.997114,4.127136,4.149713,7,26
2025-03-03 14:51:25,4.139488,0.997620,4.129167,4.149695,7,27
2025-03-03 14:51:26,4.139130,0.997399,4.127596,4.148344,7,28
2025-03-03 14:51:27,4.137208,0.997422,4.126326,4.148889,8,29
2025-03-03 14:51:28,4.136805,0.996877,4.125461,4.146600,8,30
2025-03-03 14:51:29,4.134480,0.996877,4.123885,4.146154,8,31
2025-03-03 14:51:30,4.135464,0.996900,4.122327,4.147560,9,33
2025-03-03 14:51:32,4.134033,0.996892,4.122673,4.143659,9,34
2025-03-03 14:51:33,4.134301,0.996979,4.120117,4.144364,9,35
2025-03-03 14:51:34,4.132647,0.997272,4.123136,4.146923,9,36
2025-03-03 14:51:35,4.135643,0.997573,4.124474,4.146579,10,37
2025-03-03 14:51:36,4.134436,0.997304,4.121670,4.146136,10,38
2025-03-03 14:51:37,4.135017,0.997470,4.125497,4.144848,10,39
2025-03-03 14:51:38,4.134391,0.997407,4.121249,4.145129,11,40
2025-03-03 14:51:39,4.131306,0.996758,4.118366,4.143727,11,41
2025-03-03 14:51:40,4.133139,0.997248,4.120603,4.144259,11,42
2025-03-03 14:51:41,4.130009,0.996813,4.119445,4.144014,11,43
2025-03-03 14:51:42,4.130188,0.997035,4.118015,4.144531,12,45
2025-03-03 14:51:44,4.130367,0.997051,4.119417,4.139727,12,46
2025-03-03 14:51:45,4.131038,0.997051,4.117371,4.141293,13,47
2025-03-03 14:51:46,4.131082,0.997391,4.120731,4.142147,13,48
2025-03-03 14:51:47,4.130724,0.997312,4.120749,4.144469,13,49
2025-03-03 14:51:48,4.130814,0.997517,4.119494,4.142741,13,50
2025-03-03 14:51:49,4.129920,0.997541,4.120597,4.142699,14,51
2025-03-03 14:51:50,4.130188,0.997438,4.121067,4.138231,14,52
2025-03-03 14:51:51,4.128087,0.997691,4.116962,4.141194,14,53
2025-03-03 14:51:52,4.127819,0.996948,4.116155,4.139654,14,54
2025-03-03 14:51:53,4.127639,0.997430,4.118067,4.140313,15,56
2025-03-03 14:51:54,4.126656,0.997090,4.113306,4.139796,15,57
2025-03-03 14:51:56,4.127953,0.996964,4.113767,4.141759,16,58
2025-03-03 14:51:57,4.127014,0.997620,4.117040,4.140547,16,59
2025-03-03 14:51:58,4.127819,0.997320,4.117392,4.138879,16,60
2025-03-03 14:51:59,4.127997,0.997470,4.115886,4.140800,16,61
2025-03-03 14:52:00,4.126522,0.997138,4.115205,4.140654,17,62
2025-03-03 14:52:01,4.128489,0.997770,4.119715,4.137877,17,63
2025-03-03 14:52:02,4.126298,0.997430,4.116848,4.136635,17,64
2025-03-03 14:52:03,4.125717,0.997122,4.113255,4.136824,18,65
2025-03-03 14:52:04,4.124063,0.997130,4.112675,4.137317,18,66
2025-03-03 14:52:05,4.124912,0.997035,4.112566,4.136737,18,68
2025-03-03 14:52:07,4.124555,0.997446,4.112030,4.135017,19,69
2025-03-03 14:52:08,4.124241,0.996718,4.110772,4.134975,19,70
2025-03-03 14:52:09,4.124376,0.997193,4.116526,4.135083,19,71
2025-03-03 14:52:10,4.124733,0.997106,4.115389,4.135836,19,72
2025-03-03 14:52:11,4.125091,0.997857,4.115668,4.136024,20,73
2025-03-03 14:52:12,4.123839,0.997248,4.116027,4.135766,20,74
2025-03-03 14:52:13,4.124957,0.997161,4.111983,4.136703,20,75
2025-03-03 14:52:14,4.124286,0.997335,4.111188,4.133302,21,76
2025-03-03 14:52:15,4.122498,0.996782,4.109171,4.134437,21,77
2025-03-03 14:52:16,4.123079,0.996987,4.108647,4.134247,21,78
2025-03-03 14:52:17,4.122811,0.996916,4.109078,4.132723,22,80
2025-03-03 14:52:19,4.121782,0.997248,4.110151,4.133317,22,81
2025-03-03 14:52:20,4.122766,0.997193,4.110101,4.132472,22,82
2025-03-03 14:52:21,4.122051,0.997897,4.114494,4.133721,22,83
2025-03-03 14:52:22,4.121559,0.997581,4.111808,4.133238,23,84
2025-03-03 14:52:23,4.122364,0.997573,4.110515,4.132564,23,85
2025-03-03 14:52:24,4.122051,0.996821,4.111496,4.132838,23,86
2025-03-03 14:52:25,4.123168,0.997755,4.113109,4.132566,24,87
2025-03-03 14:52:26,4.121425,0.996916,4.108203,4.133481,24,88
2025-03-03 14:52:27,4.119502,0.997280,4.105568,4.131666,24,89
2025-03-03 14:52:28,4.120173,0.996710,4.108556,4.130424,25,91
2025-03-03 14:52:30,4.119323,0.997248,4.108214,4.130286,25,92
2025-03-03 14:52:31,4.119278,0.997059,4.106408,4.130692,25,93
2025-03-03 14:52:32,4.120977,0.997541,4.110239,4.131052,26,94
2025-03-03 14:52:33,4.120441,0.997675,4.110374,4.128868,26,95
2025-03-03 14:52:34,4.120217,0.997462,4.109971,4.130243,26,96
2025-03-03 14:52:35,4.119637,0.997383,4.109323,4.128680,26,97
2025-03-03 14:52:36,4.119010,0.997399,4.109808,4.128802,27,98
2025-03-03 14:52:37,4.118161,0.997383,4.103782,4.129399,27,99
2025-03-03 14:52:38,4.119323,0.997019,4.105269,4.130317,27,100
2025-03-03 14:52:39,4.118787,0.997019,4.105274,4.131186,28,102
2025-03-03 14:52:41,4.117311,0.996948,4.106311,4.127347,28,103
2025-03-03 14:52:42,4.116373,0.996908,4.104185,4.127474,28,104
2025-03-03 14:52:43,4.119905,0.997755,4.108837,4.128328,29,105
2025-03-03 14:52:44,4.117937,0.997391,4.107831,4.126091,29,106
2025-03-03 14:52:45,4.116998,0.997652,4.106524,4.128851,29,107
2025-03-03 14:52:46,4.118250,0.997826,4.107956,4.128483,29,108
2025-03-03 14:52:47,4.117445,0.997494,4.105954,4.126886,30,109
2025-03-03 14:52:48,4.116015,0.997367,4.102262,4.126189,30,110
2025-03-03 14:52:49,4.114316,0.997217,4.100664,4.129099,30,111
2025-03-03 14:52:50,4.114674,0.997090,4.101735,4.126412,31,112
2025-03-03 14:52:51,4.112975,0.997296,4.103053,4.125911,31,114
2025-03-03 14:52:53,4.113421,0.997074,4.101653,4.127474,31,115
2025-03-03 14:52:54,4.115344,0.997082,4.105111,4.126352,32,116
2025-03-03 14:52:55,4.115613,0.997573,4.106758,4.125514,32,117
2025-03-03 14:52:56,4.116149,0.997478,4.104003,4.128480,32,118
2025-03-03 14:52:57,4.114003,0.997470,4.106171,4.128275,32,119
2025-03-03 14:52:58,4.116373,0.997612,4.105597,4.123976,33,120
2025-03-03 14:52:59,4.115568,0.997842,4.104565,4.124264,33,121
2025-03-03 14:53:00,4.112661,0.997280,4.102931,4.124877,33,122
2025-03-03 14:53:01,4.112215,0.997193,4.099821,4.124661,34,123
2025-03-03 14:53:02,4.113019,0.996940,4.100182,4.124177,34,125
2025-03-03 14:53:03,4.111946,0.997169,4.099535,4.122663,34,126
2025-03-03 14:53:05,4.111678,0.997059,4.101348,4.124058,35,127
2025-03-03 14:53:06,4.112840,0.997248,4.103024,4.124357,35,128
2025-03-03 14:53:07,4.114271,0.997430,4.102388,4.122405,35,129
2025-03-03 14:53:08,4.112438,0.997834,4.101784,4.123286,36,130
2025-03-03 14:53:09,4.112706,0.997652,4.103992,4.123566,36,131
2025-03-03 14:53:10,4.113958,0.997565,4.103385,4.122816,36,132
2025-03-03 14:53:11,4.112035,0.997549,4.098464,4.122390,36,133
2025-03-03 14:53:12,4.111052,0.997122,4.098133,4.123242,37,134
2025-03-03 14:53:13,4.111320,0.997312,4.101240,4.122925,37,136
2025-03-03 14:53:15,4.109890,0.997430,4.100208,4.121442,37,137
2025-03-03 14:53:16,4.110605,0.996892,4.099019,4.121197,38,138
2025-03-03 14:53:17,4.111410,0.997470,4.101783,4.121056,38,139
2025-03-03 14:53:18,4.111588,0.997414,4.101434,4.122564,38,140
2025-03-03 14:53:19,4.111812,0.997612,4.099888,4.121354,39,141
2025-03-03 14:53:20,4.110471,0.997430,4.103770,4.121751,39,142
2025-03-03 14:53:21,4.110873,0.997501,4.101685,4.124263,39,143
2025-03-03 14:53:22,4.109040,0.996655,4.097261,4.119742,39,144
2025-03-03 14:53:23,4.109219,0.996869,4.095708,4.121182,40,145
2025-03-03 14:53:24,4.108593,0.997066,4.096781,4.121516,40,147
2025-03-03 14:53:26,4.108459,0.997232,4.097359,4.121211,40,148
2025-03-03 14:53:27,4.108637,0.997011,4.096020,4.119549,41,149
2025-03-03 14:53:28,4.109755,0.997525,4.098905,4.120523,41,150
2025-03-03 14:53:29,4.109263,0.997778,4.101950,4.122043,41,151
2025-03-03 14:53:30,4.110292,0.996940,4.099847,4.120104,42,152
2025-03-03 14:53:31,4.109934,0.997185,4.098402,4.118817,42,153
2025-03-03 14:53:32,4.109129,0.997668,4.099329,4.120572,42,154
2025-03-03 14:53:33,4.109755,0.997422,4.098530,4.118361,42,155
2025-03-03 14:53:34,4.107430,0.997003,4.091895,4.118516,43,156
2025-03-03 14:53:35,4.106536,0.996829,4.095656,4.118258,43,157
2025-03-03 14:53:36,4.107833,0.996821,4.094161,4.118333,44,159
2025-03-03 14:53:38,4.108906,0.996742,4.096056,4.117173,44,160
2025-03-03 14:53:39,4.107698,0.997462,4.096378,4.118008,44,161
2025-03-03 14:53:40,4.108906,0.997367,4.097707,4.116752,44,162
2025-03-03 14:53:41,4.107207,0.997501,4.096189,4.117160,45,163
2025-03-03 14:53:42,4.107073,0.997707,4.097273,4.116564,45,164
2025-03-03 14:53:43,4.106268,0.997612,4.098632,4.119146,45,165
2025-03-03 14:53:44,4.108861,0.997517,4.096998,4.117205,45,166
2025-03-03 14:53:45,4.104971,0.996837,4.093992,4.117528,46,167
2025-03-03 14:53:46,4.105374,0.997051,4.093021,4.119843,46,168
2025-03-03 14:53:47,4.105910,0.996884,4.094142,4.117780,47,170
2025-03-03 14:53:48,4.105284,0.997066,4.091075,4.117171,47,171
2025-03-03 14:53:50,4.105508,0.996710,4.092430,4.115083,47,172
2025-03-03 14:53:51,4.106357,0.997272,4.096977,4.117208,47,173
2025-03-03 14:53:52,4.107609,0.997494,4.095436,4.117173,48,174
2025-03-03 14:53:53,4.104971,0.997264,4.095972,4.116378,48,175
2025-03-03 14:53:54,4.105865,0.997454,4.092752,4.116819,48,176
2025-03-03 14:53:55,4.105865,0.997715,4.096442,4.117311,49,177
2025-03-03 14:53:56,4.103898,0.996971,4.091469,4.114366,49,178
2025-03-03 14:53:57,4.103183,0.997066,4.091292,4.115047,49,179
2025-03-03 14:53:58,4.103317,0.996987,4.093400,4.115639,50,181
2025-03-03 14:53:59,4.103362,0.996774,4.089073,4.113734,50,182
2025-03-03 14:54:01,4.103496,0.997201,4.092703,4.114574,50,183
2025-03-03 14:54:02,4.102333,0.997177,4.090643,4.114580,50,184
2025-03-03 14:54:03,4.104882,0.997494,4.093486,4.115013,51,185
2025-03-03 14:54:04,4.105150,0.997604,4.092500,4.114120,51,186
2025-03-03 14:54:05,4.104479,0.997414,4.094093,4.114357,51,187
2025-03-03 14:54:06,4.103719,0.997581,4.094298,4.114863,52,188
2025-03-03 14:54:07,4.105150,0.997082,4.089590,4.113584,52,189
2025-03-03 14:54:08,4.101752,0.997130,4.089346,4.111154,52,190
2025-03-03 14:54:09,4.101305,0.997019,4.088495,4.114682,52,191
2025-03-03 14:54:10,4.100903,0.997288,4.087802,4.113398,53,193
2025-03-03 14:54:12,4.101305,0.997280,4.090506,4.110909,53,194
2025-03-03 14:54:13,4.098980,0.997153,4.093328,4.112768,54,195
2025-03-03 14:54:14,4.101707,0.997383,4.093726,4.113400,54,196
2025-03-03 14:54:15,4.102557,0.997525,4.091390,4.111696,54,197
2025-03-03 14:54:16,4.102423,0.997335,4.091795,4.112385,54,198
2025-03-03 14:54:17,4.101260,0.997462,4.090956,4.112707,55,199
2025-03-03 14:54:18,4.101707,0.997122,4.088897,4.112671,55,200
2025-03-03 14:54:19,4.100276,0.997264,4.086656,4.112157,55,201
2025-03-03 14:54:20,4.100142,0.996924,4.088860,4.113372,55,203
2025-03-03 14:54:21,4.099427,0.997185,4.089456,4.112206,56,204
2025-03-03 14:54:23,4.098354,0.997232,4.087263,4.112765,56,205
2025-03-03 14:54:24,4.099248,0.997074,4.089570,4.112344,57,206
2025-03-03 14:54:25,4.101081,0.997320,4.091183,4.113625,57,207
2025-03-03 14:54:26,4.100724,0.997383,4.090851,4.113616,57,208
2025-03-03 14:54:27,4.101529,0.997533,4.091544,4.113347,57,209
2025-03-03 14:54:28,4.103004,0.997106,4.089788,4.111183,58,210
2025-03-03 14:54:29,4.101484,0.997446,4.087085,4.111350,58,211
2025-03-03 14:54:30,4.099740,0.997035,4.088126,4.111326,58,212
2025-03-03 14:54:31,4.098712,0.997256,4.087150,4.110294,58,213
2025-03-03 14:54:32,4.098622,0.997304,4.087149,4.108147,59,215
2025-03-03 14:54:34,4.096968,0.996861,4.086124,4.110893,59,216
2025-03-03 14:54:35,4.097728,0.997090,4.085120,4.112525,60,217
2025-03-03 14:54:36,4.100634,0.997675,4.087652,4.109173,60,218
2025-03-03 14:54:37,4.098444,0.997596,4.090405,4.107668,60,219
2025-03-03 14:54:38,4.098577,0.997217,4.090307,4.111566,60,220
2025-03-03 14:54:39,4.099114,0.997161,4.088763,4.109158,61,221
2025-03-03 14:54:40,4.098086,0.997628,4.088171,4.108416,61,222
2025-03-03 14:54:41,4.096252,0.996758,4.086817,4.108757,61,223
2025-03-03 14:54:42,4.097057,0.996877,4.086266,4.107385,62,224
2025-03-03 14:54:43,4.096879,0.997446,4.085828,4.108920,62,226
2025-03-03 14:54:45,4.097460,0.997454,4.085115,4.108016,62,227
2025-03-03 14:54:46,4.097549,0.997138,4.084212,4.107494,63,228
2025-03-03 14:54:47,4.097683,0.997810,4.088410,4.108155,63,229
2025-03-03 14:54:48,4.097281,0.997826,4.088340,4.107071,63,230
2025-03-03 14:54:49,4.096745,0.997620,4.087404,4.108407,63,231
2025-03-03 14:54:50,4.096252,0.997509,4.085897,4.109858,64,232
2025-03-03 14:54:51,4.097415,0.997596,4.087157,4.106740,64,233
2025-03-03 14:54:52,4.095806,0.997122,4.082960,4.108288,64,234
2025-03-03 14:54:53,4.095492,0.997122,4.084041,4.107543,65,235
2025-03-03 14:54:54,4.095448,0.997335,4.083579,4.107665,65,237
2025-03-03 14:54:56,4.093436,0.997035,4.082756,4.106877,65,238
2025-03-03 14:54:57,4.094867,0.997248,4.084227,4.106097,66,239
2025-03-03 14:54:58,4.097281,0.997312,4.085337,4.106521,66,240
2025-03-03 14:54:59,4.096252,0.997683,4.086297,4.105951,66,241
2025-03-03 14:55:00,4.095582,0.997517,4.087250,4.106729,67,242
2025-03-03 14:55:01,4.095403,0.997367,4.084928,4.106317,67,243
2025-03-03 14:55:02,4.095135,0.997351,4.084174,4.105424,67,244
2025-03-03 14:55:03,4.092854,0.997090,4.082521,4.104723,67,245
2025-03-03 14:55:04,4.092854,0.997177,4.079544,4.107537,68,246
2025-03-03 14:55:05,4.094062,0.997066,4.082684,4.106108,68,248
2025-03-03 14:55:07,4.093972,0.997573,4.082394,4.105402,68,249
2025-03-03 14:55:08,4.093078,0.996971,4.082449,4.106467,69,250
2025-03-03 14:55:09,4.096163,0.997675,4.086792,4.105674,69,251
2025-03-03 14:55:10,4.094598,0.997770,4.084703,4.104399,69,252
2025-03-03 14:55:11,4.094017,0.997430,4.085101,4.105375,70,253
2025-03-03 14:55:12,4.094330,0.997248,4.083293,4.104891,70,254
2025-03-03 14:55:13,4.095269,0.997533,4.085620,4.104154,70,255
2025-03-03 14:55:14,4.092184,0.997343,4.081810,4.103503,70,256
2025-03-03 14:55:15,4.092721,0.997462,4.083848,4.103741,71,257
2025-03-03 14:55:16,4.091469,0.997201,4.079426,4.104815,71,259
2025-03-03 14:55:18,4.091469,0.997027,4.082528,4.104037,72,260
2025-03-03 14:55:19,4.091379,0.997114,4.081620,4.103938,72,261
2025-03-03 14:55:20,4.094375,0.997675,4.082244,4.103936,72,262
2025-03-03 14:55:21,4.092765,0.997193,4.084195,4.103271,72,263
2025-03-03 14:55:22,4.092989,0.997106,4.081783,4.104158,73,264
2025-03-03 14:55:23,4.093972,0.997327,4.081850,4.102703,73,265
2025-03-03 14:55:24,4.092854,0.997288,4.082385,4.103198,73,266
2025-03-03 14:55:25,4.090261,0.997280,4.081033,4.103773,73,267
2025-03-03 14:55:26,4.090395,0.997051,4.077648,4.102619,74,268
2025-03-03 14:55:27,4.091245,0.997059,4.077628,4.103309,74,270
2025-03-03 14:55:29,4.091200,0.997288,4.080352,4.100955,75,271
2025-03-03 14:55:30,4.090440,0.997114,4.078207,4.101689,75,272
2025-03-03 14:55:31,4.092408,0.997422,4.078615,4.102371,75,273
2025-03-03 14:55:32,4.089725,0.997367,4.080687,4.102060,75,274
2025-03-03 14:55:33,4.091022,0.997668,4.079585,4.101379,76,275
2025-03-03 14:55:34,4.091648,0.997501,4.081390,4.103476,76,276
2025-03-03 14:55:35,4.091290,0.997153,4.082339,4.102746,76,277
2025-03-03 14:55:36,4.091603,0.996821,4.078684,4.102210,76,278
2025-03-03 14:55:37,4.089367,0.996995,4.076726,4.100581,77,279
2025-03-03 14:55:38,4.088473,0.997438,4.076701,4.101722,77,281
2025-03-03 14:55:40,4.088741,0.997082,4.077163,4.099578,78,282
2025-03-03 14:55:41,4.089099,0.996987,4.079985,4.100128,78,283
2025-03-03 14:55:42,4.089412,0.997454,4.079699,4.102013,78,284
2025-03-03 14:55:43,4.089814,0.997683,4.080225,4.100097,78,285
2025-03-03 14:55:44,4.090127,0.997557,4.080578,4.099960,79,286
2025-03-03 14:55:45,4.091022,0.997699,4.082156,4.103657,79,287
2025-03-03 14:55:46,4.090753,0.997517,4.079352,4.099595,79,288
2025-03-03 14:55:47,4.088652,0.997280,4.079900,4.099062,80,289
2025-03-03 14:55:48,4.087266,0.997051,4.076992,4.098461,80,290
2025-03-03 14:55:49,4.088830,0.996987,4.074130,4.100200,80,292
2025-03-03 14:55:51,4.086371,0.997169,4.074991,4.099891,81,293
2025-03-03 14:55:52,4.085299,0.996916,4.074607,4.099681,81,294
2025-03-03 14:55:53,4.089233,0.997699,4.077814,4.100689,81,295
2025-03-03 14:55:54,4.089546,0.997407,4.079739,4.098960,81,296
2025-03-03 14:55:55,4.089189,0.997407,4.078020,4.099034,82,297
2025-03-03 14:55:56,4.087936,0.997320,4.078009,4.098238,82,298
2025-03-03 14:55:57,4.087847,0.997778,4.080504,4.097829,82,299
2025-03-03 14:55:58,4.085746,0.997043,4.072798,4.100014,83,300
2025-03-03 14:55:59,4.087713,0.996829,4.075656,4.098081,83,301
2025-03-03 14:56:00,4.086103,0.996584,4.074728,4.098554,83,303
2025-03-03 14:56:02,4.086595,0.997051,4.075540,4.097534,84,304
2025-03-03 14:56:03,4.085746,0.996916,4.074235,4.097919,84,305
2025-03-03 14:56:04,4.089189,0.997660,4.077534,4.097905,84,306
2025-03-03 14:56:05,4.087221,0.997414,4.076119,4.099607,85,307
2025-03-03 14:56:06,4.087087,0.997612,4.078348,4.096776,85,308
2025-03-03 14:56:07,4.086148,0.997114,4.077246,4.097406,85,309
2025-03-03 14:56:08,4.085880,0.997335,4.074690,4.097946,85,310
2025-03-03 14:56:09,4.086327,0.997019,4.071846,4.098249,86,311
2025-03-03 14:56:10,4.085522,0.996900,4.072227,4.098153,86,312
2025-03-03 14:56:11,4.084315,0.996995,4.073494,4.096971,86,314
2025-03-03 14:56:13,4.084986,0.997066,4.072221,4.095346,87,315
2025-03-03 14:56:14,4.086237,0.997169,4.074075,4.095173,87,316
2025-03-03 14:56:15,4.086550,0.997359,4.075766,4.095753,87,317
2025-03-03 14:56:16,4.086103,0.997375,4.076720,4.094161,88,318
2025-03-03 14:56:17,4.086550,0.997399,4.076250,4.095312,88,319
2025-03-03 14:56:18,4.084896,0.997399,4.076456,4.097044,88,320
2025-03-03 14:56:19,4.086327,0.997573,4.078406,4.098351,88,321
2025-03-03 14:56:20,4.085433,0.997454,4.074759,4.096540,89,322
2025-03-03 14:56:21,4.084181,0.997296,4.071001,4.096574,89,323
2025-03-03 14:56:22,4.085030,0.997335,4.074295,4.095651,89,325
2025-03-03 14:56:23,4.083868,0.997106,4.070839,4.096991,90,326
2025-03-03 14:56:25,4.083018,0.997106,4.070596,4.094781,90,327
2025-03-03 14:56:26,4.083108,0.997573,4.074416,4.095176,90,328
2025-03-03 14:56:27,4.085790,0.997351,4.073794,4.095620,91,329
2025-03-03 14:56:28,4.085209,0.997359,4.074445,4.096644,91,330
2025-03-03 14:56:29,4.082973,0.997675,4.074848,4.094893,91,331
2025-03-03 14:56:30,4.085120,0.997731,4.074196,4.094987,91,332
2025-03-03 14:56:31,4.084404,0.997082,4.069345,4.093805,92,333
2025-03-03 14:56:32,4.081945,0.996853,4.070796,4.094142,92,334
2025-03-03 14:56:33,4.082571,0.997043,4.071256,4.091857,92,335
2025-03-03 14:56:34,4.083108,0.997177,4.069698,4.092681,93,337
2025-03-03 14:56:36,4.081364,0.996948,4.070759,4.094005,93,338
2025-03-03 14:56:37,4.082392,0.997185,4.072906,4.094877,93,339
2025-03-03 14:56:38,4.082884,0.997715,4.073384,4.092754,94,340
2025-03-03 14:56:39,4.083421,0.997454,4.073801,4.093176,94,341
2025-03-03 14:56:40,4.083868,0.997501,4.072984,4.094828,94,342
2025-03-03 14:56:41,4.083108,0.997312,4.072207,4.093608,94,343
2025-03-03 14:56:42,4.082929,0.997272,4.071415,4.093556,95,344
2025-03-03 14:56:43,4.080872,0.997161,4.070907,4.093210,95,345
2025-03-03 14:56:44,4.081364,0.997312,4.069905,4.092397,95,346
2025-03-03 14:56:45,4.081498,0.996971,4.070209,4.091818,96,348
2025-03-03 14:56:47,4.081453,0.996956,4.068112,4.095001,96,349
2025-03-03 14:56:48,4.082258,0.997122,4.069676,4.093469,96,350
2025-03-03 14:56:49,4.083734,0.997312,4.072608,4.090733,97,351
2025-03-03 14:56:50,4.082392,0.997509,4.070487,4.091949,97,352
2025-03-03 14:56:51,4.082482,0.997501,4.072178,4.092877,97,353
2025-03-03 14:56:52,4.082213,0.996932,4.071068,4.093273,98,354
2025-03-03 14:56:53,4.081901,0.997596,4.074374,4.090996,98,355
2025-03-03 14:56:54,4.081543,0.997232,4.068389,4.090217,98,356
2025-03-03 14:56:55,4.080068,0.997399,4.068020,4.090975,98,357
2025-03-03 14:56:56,4.081409,0.997059,4.068349,4.091416,99,359
2025-03-03 14:56:58,4.079218,0.997019,4.067664,4.091990,99,360
2025-03-03 14:56:59,4.080604,0.997145,4.065041,4.091226,99,361
2025-03-03 14:57:00,4.081945,0.997193,4.070622,4.091552,100,362
2025-03-03 14:57:01,4.079799,0.997256,4.069539,4.093017,100,363
2025-03-03 14:57:02,4.080872,0.997414,4.069519,4.091556,100,364
2025-03-03 14:57:03,4.080604,0.997849,4.072415,4.090620,101,365
2025-03-03 14:57:04,4.081722,0.997763,4.069449,4.089968,101,366
2025-03-03 14:57:05,4.078324,0.997122,4.067729,4.090954,101,367
2025-03-03 14:57:06,4.079397,0.997240,4.067409,4.090624,101,368
2025-03-03 14:57:07,4.078815,0.997272,4.069495,4.089567,102,370
2025-03-03 14:57:09,4.079620,0.997138,4.065215,4.090682,102,371
2025-03-03 14:57:10,4.077250,0.997185,4.067420,4.091609,103,372
2025-03-03 14:57:11,4.079844,0.997343,4.071723,4.090177,103,373
2025-03-03 14:57:12,4.081185,0.997525,4.071981,4.090496,103,374
2025-03-03 14:57:13,4.080693,0.997723,4.070879,4.089620,103,375
2025-03-03 14:57:14,4.078637,0.997414,4.071404,4.089490,104,376
2025-03-03 14:57:15,4.079128,0.997707,4.068753,4.090253,104,377
2025-03-03 14:57:16,4.078860,0.997003,4.067975,4.090069,104,378
2025-03-03 14:57:17,4.079754,0.996552,4.066843,4.091246,104,379
2025-03-03 14:57:18,4.078055,0.997272,4.066193,4.088472,105,381
2025-03-03 14:57:19,4.078637,0.997240,4.067545,4.087422,105,382
2025-03-03 14:57:21,4.077385,0.997391,4.065423,4.088328,106,383
2025-03-03 14:57:22,4.078637,0.997304,4.067513,4.087566,106,384
2025-03-03 14:57:23,4.078681,0.997296,4.067915,4.087375,106,385
2025-03-03 14:57:24,4.080425,0.997446,4.068758,4.090423,106,386
2025-03-03 14:57:25,4.078637,0.997494,4.069460,4.089252,107,387
2025-03-03 14:57:26,4.078279,0.997644,4.069262,4.088736,107,388
2025-03-03 14:57:27,4.078860,0.997343,4.067450,4.089164,107,389
2025-03-03 14:57:28,4.076490,0.996829,4.064110,4.087438,108,390
2025-03-03 14:57:29,4.076759,0.997399,4.064050,4.088073,108,392
2025-03-03 14:57:30,4.076580,0.997027,4.064293,4.088603,108,393
2025-03-03 14:57:32,4.076580,0.996987,4.065290,4.086125,109,394
2025-03-03 14:57:33,4.076356,0.997557,4.066499,4.088420,109,395
2025-03-03 14:57:34,4.078815,0.997517,4.068589,4.090930,109,396
2025-03-03 14:57:35,4.077564,0.997596,4.066864,4.089618,109,397
2025-03-03 14:57:36,4.078100,0.997509,4.066039,4.087658,110,398
2025-03-03 14:57:37,4.076669,0.997628,4.067190,4.087804,110,399
2025-03-03 14:57:38,4.075462,0.997691,4.067018,4.087376,110,400
2025-03-03 14:57:39,4.075999,0.996861,4.064395,4.088522,111,401
2025-03-03 14:57:40,4.075730,0.997264,4.064784,4.087520,111,402
2025-03-03 14:57:41,4.075284,0.997027,4.062241,4.089208,111,404
2025-03-03 14:57:43,4.074747,0.997391,4.064664,4.086699,112,405
2025-03-03 14:57:44,4.074747,0.997612,4.064320,4.084950,112,406
2025-03-03 14:57:45,4.076267,0.997161,4.064608,4.086079,112,407
2025-03-03 14:57:46,4.077787,0.997723,4.065681,4.087374,113,408
2025-03-03 14:57:47,4.078055,0.997573,4.066663,4.086921,113,409
2025-03-03 14:57:48,4.077921,0.997486,4.065676,4.086278,113,410
2025-03-03 14:57:49,4.075909,0.997802,4.066382,4.086183,113,411
2025-03-03 14:57:50,4.073540,0.997264,4.061981,4.086300,114,412
2025-03-03 14:57:51,4.074836,0.996908,4.062275,4.086952,114,413
2025-03-03 14:57:52,4.075999,0.997588,4.061345,4.086138,114,415
2025-03-03 14:57:53,4.073719,0.997430,4.061686,4.086694,115,416
2025-03-03 14:57:55,4.073629,0.997193,4.062604,4.086122,115,417
2025-03-03 14:57:56,4.075686,0.997715,4.065173,4.085927,115,418
2025-03-03 14:57:57,4.075909,0.997422,4.065009,4.086677,116,419
2025-03-03 14:57:58,4.074166,0.997715,4.065981,4.086093,116,420
2025-03-03 14:57:59,4.076222,0.997573,4.065561,4.085708,116,421
2025-03-03 14:58:00,4.076625,0.997312,4.065101,4.086069,116,422
2025-03-03 14:58:01,4.072824,0.996932,4.061830,4.086296,117,423
2025-03-03 14:58:02,4.073182,0.997161,4.061139,4.084354,117,424
2025-03-03 14:58:03,4.073361,0.997051,4.062004,4.084705,117,426
2025-03-03 14:58:04,4.073853,0.997051,4.061885,4.085570,118,427
2025-03-03 14:58:06,4.073226,0.996971,4.060207,4.087142,118,428
2025-03-03 14:58:07,4.075373,0.997320,4.063995,4.085915,118,429
2025-03-03 14:58:08,4.074613,0.997668,4.064853,4.084435,119,430
2025-03-03 14:58:09,4.074836,0.997367,4.064335,4.085192,119,431
2025-03-03 14:58:10,4.074747,0.997533,4.065007,4.084485,119,432
2025-03-03 14:58:11,4.075194,0.997581,4.067136,4.083720,119,433
2025-03-03 14:58:12,4.072869,0.996956,4.062833,4.085346,120,434
2025-03-03 14:58:13,4.072422,0.997209,4.060532,4.083260,120,435
2025-03-03 14:58:14,4.071349,0.997177,4.060904,4.084493,121,437
2025-03-03 14:58:15,4.072154,0.997517,4.059905,4.082394,121,438
2025-03-03 14:58:17,4.072869,0.997225,4.057738,4.083360,121,439
2025-03-03 14:58:18,4.073316,0.997509,4.062447,4.083875,121,440
2025-03-03 14:58:19,4.073674,0.997343,4.065471,4.082368,122,441
2025-03-03 14:58:20,4.075730,0.997422,4.065771,4.084796,122,442
2025-03-03 14:58:21,4.073808,0.997596,4.065012,4.084400,122,443
2025-03-03 14:58:22,4.074434,0.997367,4.062898,4.082874,122,444
2025-03-03 14:58:23,4.075552,0.997351,4.060307,4.084212,123,445
2025-03-03 14:58:24,4.069829,0.997145,4.060141,4.082685,123,446
2025-03-03 14:58:25,4.071706,0.996995,4.060166,4.082366,123,448
2025-03-03 14:58:27,4.069561,0.997074,4.060661,4.082959,124,449
2025-03-03 14:58:28,4.071126,0.997422,4.058191,4.082371,124,450
2025-03-03 14:58:29,4.072824,0.997636,4.063015,4.080957,124,451
2025-03-03 14:58:30,4.070723,0.997351,4.063225,4.082187,125,452
2025-03-03 14:58:31,4.071393,0.997494,4.063431,4.083180,125,453
2025-03-03 14:58:32,4.072422,0.997407,4.061307,4.082463,125,454
2025-03-03 14:58:33,4.070365,0.997145,4.060768,4.082667,126,455
2025-03-03 14:58:34,4.069516,0.997019,4.058488,4.081883,126,456
2025-03-03 14:58:35,4.068532,0.997169,4.059569,4.082045,126,457
2025-03-03 14:58:36,4.070589,0.997106,4.059633,4.083236,127,459
2025-03-03 14:58:38,4.069605,0.996916,4.059209,4.081171,127,460
2025-03-03 14:58:39,4.070902,0.997130,4.059886,4.081686,127,461
2025-03-03 14:58:40,4.071483,0.997675,4.064160,4.081382,127,462
2025-03-03 14:58:41,4.071617,0.997138,4.061612,4.083012,128,463
2025-03-03 14:58:42,4.072780,0.998118,4.062943,4.081540,128,464
2025-03-03 14:58:43,4.071438,0.997549,4.062963,4.080825,128,465
2025-03-03 14:58:44,4.072288,0.997272,4.062854,4.081419,129,466
2025-03-03 14:58:45,4.070007,0.997027,4.057483,4.080909,129,467
2025-03-03 14:58:46,4.068934,0.997153,4.057882,4.079445,129,468
2025-03-03 14:58:47,4.069337,0.997051,4.056728,4.078591,129,470
2025-03-03 14:58:48,4.069739,0.997232,4.059727,4.082012,130,471
2025-03-03 14:58:50,4.069561,0.997185,4.057538,4.079370,130,472
2025-03-03 14:58:51,4.068934,0.997407,4.060827,4.081278,131,473
2025-03-03 14:58:52,4.070455,0.997494,4.061721,4.082448,131,474
2025-03-03 14:58:53,4.071751,0.997248,4.061271,4.081768,131,475
2025-03-03 14:58:54,4.070589,0.997699,4.059697,4.080525,131,476
2025-03-03 14:58:55,4.070589,0.997691,4.061065,4.081576,132,477
2025-03-03 14:58:56,4.069426,0.996837,4.054690,4.080824,132,478
2025-03-03 14:58:57,4.068800,0.996932,4.056379,4.079581,132,479
2025-03-03 14:58:58,4.067459,0.997066,4.057272,4.079903,132,480
2025-03-03 14:58:59,4.067235,0.997264,4.057312,4.081434,133,482
2025-03-03 14:59:01,4.068085,0.997130,4.055274,4.080764,133,483
2025-03-03 14:59:02,4.068040,0.996900,4.053529,4.079883,134,484
2025-03-03 14:59:03,4.069426,0.997430,4.058201,4.078011,134,485
2025-03-03 14:59:04,4.069337,0.997367,4.060482,4.079483,134,486
2025-03-03 14:59:05,4.069873,0.997668,4.059804,4.081460,134,487
2025-03-03 14:59:06,4.070276,0.997082,4.058746,4.079848,135,488
2025-03-03 14:59:07,4.069113,0.997683,4.059224,4.082870,135,489
2025-03-03 14:59:08,4.068532,0.996600,4.053955,4.082067,135,490
2025-03-03 14:59:09,4.068264,0.996869,4.055148,4.078953,135,491
2025-03-03 14:59:10,4.068040,0.997059,4.053348,4.076998,136,493
2025-03-03 14:59:11,4.066788,0.996797,4.056160,4.078249,136,494
2025-03-03 14:59:13,4.066207,0.997003,4.053975,4.080350,137,495
2025-03-03 14:59:14,4.069158,0.997327,4.057061,4.081387,137,496
2025-03-03 14:59:15,4.069203,0.997565,4.059511,4.079271,137,497
2025-03-03 14:59:16,4.068443,0.997138,4.058376,4.078245,137,498
2025-03-03 14:59:17,4.067235,0.997699,4.057025,4.078413,138,499
2025-03-03 14:59:18,4.067459,0.997715,4.058286,4.077953,138,500
2025-03-03 14:59:19,4.067146,0.997161,4.054483,4.079038,138,501
2025-03-03 14:59:20,4.065089,0.997130,4.054641,4.077677,139,502
2025-03-03 14:59:21,4.066028,0.996869,4.054135,4.077561,139,504
2025-03-03 14:59:22,4.065447,0.997035,4.053787,4.075606,139,505
2025-03-03 14:59:24,4.066565,0.997240,4.052816,4.078676,140,506
2025-03-03 14:59:25,4.065447,0.997051,4.057250,4.079352,140,507
2025-03-03 14:59:26,4.066744,0.997462,4.058361,4.076121,140,508
2025-03-03 14:59:27,4.067772,0.997153,4.057675,4.079200,140,509
2025-03-03 14:59:28,4.066207,0.997644,4.056325,4.078351,141,510
2025-03-03 14:59:29,4.066878,0.997193,4.056237,4.077131,141,511
2025-03-03 14:59:30,4.067459,0.997304,4.056568,4.077614,141,512
2025-03-03 14:59:31,4.064732,0.996869,4.052126,4.075279,142,513
2025-03-03 14:59:32,4.066431,0.997130,4.055237,4.076806,142,514
2025-03-03 14:59:33,4.064642,0.996797,4.052217,4.079360,142,516
2025-03-03 14:59:35,4.065268,0.997003,4.053810,4.077853,143,517
2025-03-03 14:59:36,4.065089,0.997232,4.052914,4.076035,143,518
2025-03-03 14:59:37,4.067817,0.997272,4.055751,4.077825,143,519
2025-03-03 14:59:38,4.066565,0.997320,4.057678,4.077636,144,520
2025-03-03 14:59:39,4.067817,0.997557,4.055288,4.079421,144,521
2025-03-03 14:59:40,4.065894,0.997201,4.053226,4.077601,144,522
2025-03-03 14:59:41,4.067459,0.997565,4.053566,4.076928,144,523
2025-03-03 14:59:42,4.066028,0.996869,4.052387,4.077389,145,524
2025-03-03 14:59:43,4.065849,0.996940,4.053053,4.076500,145,525
2025-03-03 14:59:44,4.064016,0.997027,4.053513,4.077224,145,527
2025-03-03 14:59:46,4.064866,0.996964,4.052958,4.074741,146,528
2025-03-03 14:59:47,4.064866,0.997272,4.055206,4.076824,146,529
2025-03-03 14:59:48,4.066475,0.997304,4.057189,4.074866,146,530
2025-03-03 14:59:49,4.066878,0.997407,4.054842,4.076927,147,531
2025-03-03 14:59:50,4.065894,0.997225,4.055578,4.076553,147,532
2025-03-03 14:59:51,4.065268,0.997248,4.057000,4.075235,147,533
2025-03-03 14:59:52,4.065805,0.997232,4.052226,4.075682,147,534
2025-03-03 14:59:53,4.061602,0.996971,4.050684,4.076252,148,535
2025-03-03 14:59:54,4.064464,0.996829,4.052145,4.076378,148,536
2025-03-03 14:59:55,4.063972,0.996964,4.051490,4.076516,149,538
2025-03-03 14:59:56,4.063211,0.997098,4.051411,4.072716,149,539
2025-03-03 14:59:58,4.062541,0.996821,4.052225,4.074974,149,540
2025-03-03 14:59:59,4.065492,0.997153,4.053877,4.076740,149,541
2025-03-03 15:00:00,4.064910,0.997699,4.052806,4.076281,150,542
2025-03-03 15:00:01,4.063659,0.997375,4.055213,4.075499,150,543
2025-03-03 15:00:02,4.066520,0.997153,4.053691,4.075660,150,544
2025-03-03 15:00:03,4.064687,0.997581,4.055582,4.074684,150,545
2025-03-03 15:00:04,4.064464,0.997027,4.050913,4.076877,151,546
2025-03-03 15:00:05,4.063033,0.997153,4.050794,4.076519,151,547
2025-03-03 15:00:06,4.061781,0.996940,4.050902,4.073882,152,549
2025-03-03 15:00:07,4.062094,0.996995,4.050723,4.075894,152,550
2025-03-03 15:00:09,4.062317,0.996829,4.050473,4.075536,152,551
2025-03-03 15:00:10,4.063077,0.996956,4.052244,4.074174,152,552
2025-03-03 15:00:11,4.062720,0.997675,4.052912,4.073600,153,553
2025-03-03 15:00:12,4.063927,0.997090,4.054428,4.073735,153,554
2025-03-03 15:00:13,4.065984,0.997161,4.052202,4.075930,153,555
2025-03-03 15:00:14,4.063972,0.997612,4.051535,4.075002,153,556
2025-03-03 15:00:15,4.062854,0.997335,4.050527,4.073465,154,557
2025-03-03 15:00:16,4.061021,0.997193,4.048176,4.074416,154,558
2025-03-03 15:00:17,4.061602,0.997145,4.047390,4.073205,154,560
2025-03-03 15:00:18,4.062943,0.996584,4.049127,4.072729,155,561
2025-03-03 15:00:20,4.062943,0.996853,4.050025,4.074090,155,562
2025-03-03 15:00:21,4.062585,0.997335,4.053328,4.074014,155,563
2025-03-03 15:00:22,4.062943,0.997304,4.052575,4.074352,156,564
2025-03-03 15:00:23,4.064106,0.997217,4.052625,4.073757,156,565
2025-03-03 15:00:24,4.063614,0.997312,4.054239,4.075580,156,566
2025-03-03 15:00:25,4.063882,0.997359,4.052645,4.073636,157,567
2025-03-03 15:00:26,4.061289,0.997264,4.049698,4.075984,157,568
2025-03-03 15:00:27,4.061065,0.996884,4.049361,4.073246,157,569
2025-03-03 15:00:28,4.061110,0.996884,4.047826,4.076053,157,570
2025-03-03 15:00:29,4.061065,0.996924,4.046983,4.073742,158,572
2025-03-03 15:00:31,4.060440,0.996679,4.048733,4.072373,158,573
2025-03-03 15:00:32,4.061155,0.997051,4.048450,4.072912,158,574
2025-03-03 15:00:33,4.063569,0.997240,4.052226,4.071261,159,575
2025-03-03 15:00:34,4.062854,0.997177,4.049257,4.073268,159,576
2025-03-03 15:00:35,4.062675,0.997059,4.050316,4.073803,159,577
2025-03-03 15:00:36,4.062362,0.997399,4.051834,4.073449,160,578
2025-03-03 15:00:37,4.061960,0.997509,4.052538,4.073133,160,579
2025-03-03 15:00:38,4.060484,0.997019,4.047852,4.074390,160,580
2025-03-03 15:00:39,4.060171,0.996908,4.047008,4.072668,160,581
2025-03-03 15:00:40,4.060395,0.996813,4.048024,4.071863,161,583
2025-03-03 15:00:42,4.060842,0.996932,4.046290,4.072747,161,584
2025-03-03 15:00:43,4.058696,0.997090,4.049420,4.071342,162,585
2025-03-03 15:00:44,4.061915,0.997138,4.051324,4.072090,162,586
2025-03-03 15:00:45,4.061110,0.997335,4.047850,4.075129,162,587
2025-03-03 15:00:46,4.059501,0.997652,4.049053,4.072054,162,588
2025-03-03 15:00:47,4.062451,0.997272,4.050046,4.071303,163,589
2025-03-03 15:00:48,4.062049,0.997232,4.051135,4.072359,163,590
2025-03-03 15:00:49,4.058517,0.997019,4.049172,4.072903,163,591
2025-03-03 15:00:50,4.058159,0.996979,4.045312,4.071917,163,592
2025-03-03 15:00:51,4.060037,0.997011,4.047504,4.071283,164,594
2025-03-03 15:00:53,4.059411,0.996631,4.047512,4.070738,164,595
2025-03-03 15:00:54,4.057891,0.997090,4.049343,4.071102,165,596
2025-03-03 15:00:55,4.061289,0.997312,4.051558,4.070255,165,597
2025-03-03 15:00:56,4.060395,0.997051,4.048893,4.071279,165,598
2025-03-03 15:00:57,4.061646,0.997003,4.050101,4.072860,165,599
2025-03-03 15:00:58,4.060574,0.997581,4.050669,4.073195,166,600
2025-03-03 15:00:59,4.059992,0.997509,4.049458,4.071776,166,601
2025-03-03 15:01:00,4.058472,0.997019,4.046647,4.070978,166,602
2025-03-03 15:01:01,4.058606,0.996734,4.045683,4.068916,167,603
2025-03-03 15:01:02,4.058159,0.996718,4.046076,4.069556,167,605
2025-03-03 15:01:04,4.060261,0.997106,4.047570,4.071576,167,606
2025-03-03 15:01:05,4.059947,0.996608,4.049741,4.070745,168,607
2025-03-03 15:01:06,4.060976,0.997454,4.050902,4.071900,168,608
2025-03-03 15:01:07,4.060574,0.997264,4.048380,4.071561,168,609
2025-03-03 15:01:08,4.060663,0.997335,4.049996,4.071037,168,610
2025-03-03 15:01:09,4.060574,0.997367,4.050276,4.072138,169,611
2025-03-03 15:01:10,4.059858,0.996979,4.046090,4.070481,169,612
2025-03-03 15:01:11,4.059232,0.996710,4.044303,4.070683,169,613
2025-03-03 15:01:12,4.059053,0.996813,4.045784,4.071232,170,615
2025-03-03 15:01:13,4.057667,0.997375,4.047504,4.069647,170,616
2025-03-03 15:01:15,4.057131,0.997043,4.045573,4.073035,170,617
2025-03-03 15:01:16,4.059277,0.997256,4.050034,4.071030,171,618
2025-03-03 15:01:17,4.060037,0.997414,4.047786,4.071865,171,619
2025-03-03 15:01:18,4.060171,0.997343,4.050323,4.071886,171,620
2025-03-03 15:01:19,4.058651,0.997059,4.046118,4.068919,171,621
2025-03-03 15:01:20,4.060618,0.997494,4.047637,4.070312,172,622
2025-03-03 15:01:21,4.059947,0.997312,4.046693,4.071021,172,623
2025-03-03 15:01:22,4.056863,0.996726,4.044642,4.071336,172,624
2025-03-03 15:01:23,4.057623,0.996892,4.045111,4.068844,173,625
2025-03-03 15:01:24,4.057981,0.996956,4.045824,4.070240,173,627
2025-03-03 15:01:26,4.056460,0.996956,4.043858,4.072164,173,628
2025-03-03 15:01:27,4.057131,0.997272,4.044856,4.069992,174,629
2025-03-03 15:01:28,4.059456,0.997185,4.049479,4.067627,174,630
2025-03-03 15:01:29,4.059501,0.997098,4.047513,4.070733,174,631
2025-03-03 15:01:30,4.058249,0.997588,4.048730,4.071151,175,632
2025-03-03 15:01:31,4.058025,0.997335,4.046479,4.067476,175,633
2025-03-03 15:01:32,4.058919,0.997494,4.047287,4.067992,175,634
2025-03-03 15:01:33,4.057310,0.997066,4.045019,4.069208,175,635
2025-03-03 15:01:34,4.056997,0.996987,4.045480,4.068266,176,636
2025-03-03 15:01:35,4.056863,0.997019,4.044506,4.068727,176,638
2025-03-03 15:01:36,4.057310,0.996916,4.044227,4.069158,176,639
2025-03-03 15:01:38,4.056550,0.997209,4.042806,4.069269,177,640
2025-03-03 15:01:39,4.058651,0.997248,4.047456,4.070549,177,641
2025-03-03 15:01:40,4.056728,0.997541,4.047887,4.068609,177,642
2025-03-03 15:01:41,4.057220,0.997066,4.048459,4.069280,178,643
2025-03-03 15:01:42,4.058159,0.997462,4.047033,4.069868,178,644
2025-03-03 15:01:43,4.058696,0.997177,4.047943,4.068815,178,645
2025-03-03 15:01:44,4.057667,0.997407,4.043034,4.067495,178,646
2025-03-03 15:01:45,4.055700,0.996703,4.043669,4.070333,179,647
2025-03-03 15:01:46,4.056013,0.996971,4.041692,4.067064,179,649
2025-03-03 15:01:47,4.054806,0.996774,4.042227,4.068886,180,650
2025-03-03 15:01:49,4.057265,0.997185,4.042906,4.068738,180,651
2025-03-03 15:01:50,4.055298,0.997027,4.045255,4.069271,180,652
2025-03-03 15:01:51,4.055343,0.997430,4.046290,4.069640,180,653
2025-03-03 15:01:52,4.057667,0.997588,4.045118,4.067695,181,654
2025-03-03 15:01:53,4.057667,0.997343,4.046871,4.068950,181,655
2025-03-03 15:01:54,4.056147,0.997407,4.046168,4.068414,181,656
2025-03-03 15:01:55,4.056818,0.997019,4.041293,4.069058,181,657
2025-03-03 15:01:56,4.056282,0.997019,4.042349,4.067625,182,658
2025-03-03 15:01:57,4.055029,0.997217,4.043412,4.068111,182,659
2025-03-03 15:01:58,4.055477,0.996916,4.043487,4.068054,183,661
2025-03-03 15:02:00,4.056416,0.996987,4.043735,4.067688,183,662
2025-03-03 15:02:01,4.055163,0.996877,4.041558,4.068037,183,663
2025-03-03 15:02:02,4.058204,0.997525,4.045038,4.066131,183,664
2025-03-03 15:02:03,4.056684,0.997225,4.046455,4.068048,184,665
2025-03-03 15:02:04,4.056728,0.997343,4.044815,4.067899,184,666
2025-03-03 15:02:05,4.056192,0.997494,4.047143,4.066443,184,667
2025-03-03 15:02:06,4.056103,0.997153,4.044450,4.068142,185,668
2025-03-03 15:02:07,4.054359,0.996663,4.041955,4.067638,185,669
2025-03-03 15:02:08,4.054448,0.997043,4.042011,4.067636,185,670
2025-03-03 15:02:09,4.055343,0.996521,4.041589,4.067220,186,672
2025-03-03 15:02:10,4.054001,0.996908,4.042279,4.063959,186,673
2025-03-03 15:02:12,4.054359,0.996845,4.040813,4.065606,186,674
2025-03-03 15:02:13,4.056728,0.997367,4.045364,4.067135,186,675
2025-03-03 15:02:14,4.056013,0.997193,4.045857,4.066371,187,676
2025-03-03 15:02:15,4.056818,0.997407,4.043629,4.066911,187,677
2025-03-03 15:02:16,4.057176,0.997280,4.044707,4.065663,187,678
2025-03-03 15:02:17,4.054224,0.997027,4.045567,4.066988,188,679
2025-03-03 15:02:18,4.052615,0.997248,4.042634,4.065993,188,680
2025-03-03 15:02:19,4.054403,0.997043,4.041233,4.065952,188,681
2025-03-03 15:02:20,4.054448,0.996861,4.041478,4.067138,189,683
2025-03-03 15:02:21,4.054090,0.996655,4.038948,4.066924,189,684
2025-03-03 15:02:23,4.054403,0.996853,4.042415,4.066911,189,685
2025-03-03 15:02:24,4.055253,0.997541,4.044656,4.067518,189,686
2025-03-03 15:02:25,4.054717,0.997138,4.042823,4.065314,190,687
2025-03-03 15:02:26,4.055789,0.997043,4.042193,4.067292,190,688
2025-03-03 15:02:27,4.054985,0.997288,4.044674,4.064506,190,689
2025-03-03 15:02:28,4.054985,0.997399,4.044469,4.063890,191,690
2025-03-03 15:02:29,4.053152,0.997035,4.040266,4.065852,191,692
2025-03-03 15:02:30,4.053152,0.996679,4.038930,4.066063,191,693
2025-03-03 15:02:32,4.053554,0.996774,4.041419,4.063836,192,694
2025-03-03 15:02:33,4.054627,0.997375,4.043176,4.064114,192,695
2025-03-03 15:02:34,4.055879,0.997272,4.043097,4.066743,192,696
2025-03-03 15:02:35,4.055477,0.997470,4.043848,4.064795,193,697
2025-03-03 15:02:36,4.053643,0.997343,4.043933,4.066385,193,698
2025-03-03 15:02:37,4.054806,0.997509,4.042189,4.065718,193,699
2025-03-03 15:02:38,4.055611,0.997177,4.041421,4.067220,193,700
2025-03-03 15:02:39,4.052615,0.997122,4.040206,4.065504,194,701
2025-03-03 15:02:40,4.053330,0.996837,4.038016,4.064665,194,702
2025-03-03 15:02:41,4.052928,0.996821,4.040355,4.064863,194,704
2025-03-03 15:02:43,4.053778,0.997066,4.042027,4.065770,195,705
2025-03-03 15:02:44,4.052570,0.996908,4.040022,4.066264,195,706
2025-03-03 15:02:45,4.054135,0.997296,4.043473,4.064331,195,707
2025-03-03 15:02:46,4.053778,0.997122,4.043324,4.063719,196,708
2025-03-03 15:02:47,4.053957,0.997399,4.044460,4.064312,196,709
2025-03-03 15:02:48,4.053554,0.996829,4.043207,4.064153,196,710
2025-03-03 15:02:49,4.052660,0.997414,4.042266,4.061580,196,711
2025-03-03 15:02:50,4.053018,0.997043,4.042176,4.064030,197,712
2025-03-03 15:02:51,4.050871,0.996813,4.039695,4.064080,197,713
2025-03-03 15:02:52,4.051229,0.996805,4.039360,4.063397,197,714
2025-03-03 15:02:53,4.052481,0.996987,4.039041,4.064427,198,716
2025-03-03 15:02:55,4.050648,0.997169,4.038761,4.063476,198,717
2025-03-03 15:02:56,4.052168,0.996853,4.042966,4.063556,198,718
2025-03-03 15:02:57,4.051900,0.997327,4.042685,4.065425,199,719
2025-03-03 15:02:58,4.054135,0.997288,4.040048,4.064721,199,720
2025-03-03 15:02:59,4.052883,0.997288,4.043391,4.064564,199,721
2025-03-03 15:03:00,4.052928,0.997209,4.041539,4.062965,199,722
2025-03-03 15:03:01,4.052749,0.997209,4.039858,4.063122,200,723
2025-03-03 15:03:02,4.051453,0.996845,4.039429,4.065549,200,724
2025-03-03 15:03:03,4.050916,0.997059,4.038532,4.063276,200,725
2025-03-03 15:03:04,4.051274,0.996908,4.038735,4.064244,201,727
2025-03-03 15:03:05,4.050111,0.996956,4.035907,4.064580,201,728
2025-03-03 15:03:07,4.052123,0.996782,4.038839,4.063943,201,729
2025-03-03 15:03:08,4.053509,0.997541,4.039644,4.062999,202,730
2025-03-03 15:03:09,4.053152,0.997541,4.042930,4.064396,202,731
2025-03-03 15:03:10,4.053599,0.997391,4.040852,4.064260,202,732
2025-03-03 15:03:11,4.052123,0.997288,4.040751,4.064693,203,733
2025-03-03 15:03:12,4.051676,0.997059,4.040073,4.065162,203,734
2025-03-03 15:03:13,4.050693,0.996790,4.038365,4.064487,203,735
2025-03-03 15:03:14,4.051497,0.996900,4.037181,4.065464,203,736
2025-03-03 15:03:15,4.049888,0.997122,4.039364,4.062759,204,738
2025-03-03 15:03:16,4.051005,0.996861,4.037690,4.061711,204,739
2025-03-03 15:03:18,4.051765,0.997122,4.040300,4.063867,204,740
2025-03-03 15:03:19,4.051676,0.997169,4.042147,4.064677,205,741
2025-03-03 15:03:20,4.052481,0.996900,4.041579,4.062468,205,742
2025-03-03 15:03:21,4.052749,0.997248,4.041438,4.064044,205,743
2025-03-03 15:03:22,4.052660,0.997138,4.039606,4.063883,206,744
2025-03-03 15:03:23,4.051363,0.997248,4.039120,4.063499,206,745
2025-03-03 15:03:24,4.050469,0.996726,4.038010,4.062388,206,746
2025-03-03 15:03:25,4.050201,0.996568,4.037844,4.063643,206,747
2025-03-03 15:03:26,4.049932,0.996869,4.038229,4.063610,207,749
2025-03-03 15:03:27,4.049977,0.997027,4.036226,4.064001,207,750
2025-03-03 15:03:29,4.050827,0.997209,4.038022,4.062042,207,751
2025-03-03 15:03:30,4.050916,0.997090,4.039899,4.063587,208,752
2025-03-03 15:03:31,4.052034,0.997399,4.042447,4.063122,208,753
2025-03-03 15:03:32,4.049798,0.997494,4.040741,4.062891,208,754
2025-03-03 15:03:33,4.053464,0.997264,4.039011,4.061131,209,755
2025-03-03 15:03:34,4.051542,0.997225,4.040452,4.060369,209,756
2025-03-03 15:03:35,4.050514,0.996710,4.037060,4.062011,209,757
2025-03-03 15:03:36,4.049709,0.996813,4.037327,4.061634,209,758
2025-03-03 15:03:37,4.048323,0.996734,4.038691,4.061691,210,760
2025-03-03 15:03:38,4.049128,0.996869,4.035053,4.058994,210,761
2025-03-03 15:03:40,4.049441,0.996956,4.036275,4.060876,211,762
2025-03-03 15:03:41,4.051184,0.997027,4.036683,4.061617,211,763
2025-03-03 15:03:42,4.050201,0.997343,4.039734,4.063861,211,764
2025-03-03 15:03:43,4.051676,0.997454,4.041209,4.061594,211,765
2025-03-03 15:03:44,4.050603,0.997541,4.039825,4.061275,212,766
2025-03-03 15:03:45,4.050424,0.997264,4.039386,4.059802,212,767
2025-03-03 15:03:46,4.050245,0.996750,4.034314,4.060416,212,768
2025-03-03 15:03:47,4.048904,0.997066,4.037346,4.060749,212,769
2025-03-03 15:03:48,4.049038,0.996631,4.035281,4.061565,213,771
2025-03-03 15:03:49,4.047071,0.996790,4.033807,4.062366,213,772
2025-03-03 15:03:51,4.048546,0.996521,4.035207,4.062681,214,773
2025-03-03 15:03:52,4.050514,0.997549,4.040223,4.061110,214,774
2025-03-03 15:03:53,4.049172,0.997169,4.039511,4.060213,214,775
2025-03-03 15:03:54,4.049754,0.997335,4.039438,4.060462,214,776
2025-03-03 15:03:55,4.051050,0.997486,4.041303,4.059350,215,777
2025-03-03 15:03:56,4.050559,0.997217,4.038957,4.061489,215,778
2025-03-03 15:03:57,4.048636,0.996829,4.034999,4.062406,215,779
2025-03-03 15:03:58,4.048234,0.997130,4.035934,4.061504,216,780
2025-03-03 15:03:59,4.046758,0.997011,4.037004,4.060380,216,782
2025-03-03 15:04:00,4.048681,0.997043,4.032545,4.059922,216,783
2025-03-03 15:04:02,4.048501,0.996987,4.036688,4.059902,217,784
2025-03-03 15:04:03,4.050424,0.997209,4.039039,4.060110,217,785
2025-03-03 15:04:04,4.050469,0.997114,4.037505,4.060544,217,786
2025-03-03 15:04:05,4.049977,0.997462,4.039286,4.060705,217,787
2025-03-03 15:04:06,4.050737,0.997043,4.037200,4.061056,218,788
2025-03-03 15:04:07,4.049083,0.997122,4.038893,4.060889,218,789
2025-03-03 15:04:08,4.048994,0.996734,4.035856,4.058894,218,790
2025-03-03 15:04:09,4.047607,0.996774,4.035678,4.061209,219,791
2025-03-03 15:04:10,4.048636,0.997074,4.036244,4.060731,219,793
2025-03-03 15:04:11,4.046713,0.997011,4.034899,4.061307,219,794
2025-03-03 15:04:13,4.047161,0.996805,4.033349,4.059887,220,795
2025-03-03 15:04:14,4.047473,0.997193,4.039362,4.060134,220,796
2025-03-03 15:04:15,4.049798,0.997557,4.038640,4.059126,220,797
2025-03-03 15:04:16,4.049262,0.997122,4.036056,4.060832,221,798
2025-03-03 15:04:17,4.049664,0.997209,4.039095,4.061875,221,799
2025-03-03 15:04:18,4.050022,0.997153,4.037452,4.058915,221,800
2025-03-03 15:04:19,4.047563,0.996924,4.034472,4.060565,221,801
2025-03-03 15:04:20,4.046713,0.996418,4.032953,4.058836,222,802
2025-03-03 15:04:21,4.046445,0.996536,4.036030,4.059165,222,804
2025-03-03 15:04:22,4.045238,0.996655,4.035634,4.058636,222,805
2025-03-03 15:04:24,4.048010,0.996900,4.035845,4.058706,223,806
2025-03-03 15:04:25,4.045551,0.996900,4.037824,4.059144,223,807
2025-03-03 15:04:26,4.047026,0.996884,4.035999,4.059259,223,808
2025-03-03 15:04:27,4.049217,0.997138,4.035823,4.058136,224,809
2025-03-03 15:04:28,4.047921,0.997407,4.037284,4.060151,224,810
2025-03-03 15:04:29,4.048278,0.997343,4.038976,4.059831,224,811
2025-03-03 15:04:30,4.045998,0.997320,4.033230,4.060404,224,812
2025-03-03 15:04:31,4.046356,0.996987,4.031995,4.058019,225,813
2025-03-03 15:04:32,4.048412,0.996948,4.033212,4.059356,225,814
2025-03-03 15:04:33,4.046579,0.997193,4.033564,4.059349,225,816
2025-03-03 15:04:34,4.047518,0.996592,4.031848,4.058285,226,817
2025-03-03 15:04:36,4.046221,0.996750,4.032935,4.059186,226,818
2025-03-03 15:04:37,4.048010,0.997153,4.036325,4.060040,226,819
2025-03-03 15:04:38,4.049798,0.997217,4.035217,4.059509,227,820
2025-03-03 15:04:39,4.048278,0.997051,4.038688,4.059768,227,821
2025-03-03 15:04:40,4.047429,0.997430,4.037457,4.058452,227,822
2025-03-03 15:04:41,4.048501,0.997351,4.035982,4.059232,227,823
2025-03-03 15:04:42,4.049351,0.996908,4.034148,4.060307,228,824
2025-03-03 15:04:43,4.044343,0.996608,4.033618,4.057186,228,825
2025-03-03 15:04:44,4.045282,0.996797,4.033784,4.057726,228,827
2025-03-03 15:04:45,4.046579,0.997011,4.033077,4.058721,229,828
2025-03-03 15:04:47,4.046266,0.996845,4.033421,4.061532,229,829
2025-03-03 15:04:48,4.045506,0.997327,4.035822,4.056874,229,830
2025-03-03 15:04:49,4.047205,0.997225,4.035924,4.056856,230,831
2025-03-03 15:04:50,4.047205,0.997312,4.039113,4.058766,230,832
2025-03-03 15:04:51,4.046401,0.996987,4.036923,4.059920,230,833
2025-03-03 15:04:52,4.047071,0.997541,4.037027,4.058238,230,834
2025-03-03 15:04:53,4.046981,0.997375,4.034616,4.056779,231,835
2025-03-03 15:04:54,4.045551,0.996639,4.034178,4.057978,231,836
2025-03-03 15:04:55,4.046087,0.996766,4.031262,4.055815,231,838
2025-03-03 15:04:56,4.046401,0.996995,4.032868,4.057378,232,839
2025-03-03 15:04:57,4.046490,0.996964,4.033321,4.057194,232,840
2025-03-03 15:04:59,4.045461,0.996956,4.036918,4.057528,232,841
2025-03-03 15:05:00,4.046177,0.997169,4.035669,4.058105,233,842
2025-03-03 15:05:01,4.047071,0.997225,4.036536,4.058092,233,843
2025-03-03 15:05:02,4.046132,0.997248,4.036071,4.057396,233,844
2025-03-03 15:05:03,4.047473,0.997280,4.035279,4.059027,234,845
2025-03-03 15:05:04,4.045506,0.997272,4.035958,4.057403,234,846
2025-03-03 15:05:05,4.043315,0.996956,4.032516,4.055943,234,847
2025-03-03 15:05:06,4.044836,0.997217,4.033901,4.055936,234,848
2025-03-03 15:05:07,4.044701,0.996869,4.031695,4.058750,235,850
2025-03-03 15:05:08,4.043137,0.997074,4.031259,4.054321,235,851
2025-03-03 15:05:10,4.044299,0.997003,4.030712,4.055838,235,852
2025-03-03 15:05:11,4.047026,0.997399,4.034407,4.058613,236,853
2025-03-03 15:05:12,4.046579,0.997138,4.034084,4.058453,236,854
2025-03-03 15:05:13,4.046132,0.997209,4.033537,4.055846,236,855
2025-03-03 15:05:14,4.045908,0.997035,4.034980,4.057399,237,856
2025-03-03 15:05:15,4.045640,0.997177,4.035263,4.057786,237,857
2025-03-03 15:05:16,4.044478,0.996766,4.030242,4.056186,237,858
2025-03-03 15:05:17,4.045282,0.996631,4.033869,4.056764,237,859
2025-03-03 15:05:18,4.044343,0.997470,4.031720,4.056547,238,861
2025-03-03 15:05:19,4.042779,0.996948,4.032509,4.056986,238,862
2025-03-03 15:05:21,4.044791,0.996964,4.030380,4.056683,239,863
2025-03-03 15:05:22,4.044075,0.997248,4.035481,4.056470,239,864
2025-03-03 15:05:23,4.045685,0.997248,4.034966,4.056646,239,865
2025-03-03 15:05:24,4.045059,0.997588,4.036049,4.056328,239,866
2025-03-03 15:05:25,4.044746,0.997462,4.034436,4.058128,240,867
2025-03-03 15:05:26,4.045640,0.997296,4.034796,4.055483,240,868
2025-03-03 15:05:27,4.044836,0.997296,4.030635,4.056082,240,869
2025-03-03 15:05:28,4.043360,0.996861,4.031823,4.055997,240,870
2025-03-03 15:05:29,4.044343,0.996900,4.028937,4.056748,241,871
2025-03-03 15:05:30,4.042645,0.996750,4.030192,4.056702,241,873
2025-03-03 15:05:31,4.044522,0.996916,4.030030,4.054514,242,874
2025-03-03 15:05:33,4.042868,0.996829,4.031826,4.057814,242,875
2025-03-03 15:05:34,4.045685,0.997422,4.035296,4.056226,242,876
2025-03-03 15:05:35,4.044880,0.997581,4.035269,4.057752,242,877
2025-03-03 15:05:36,4.044522,0.997652,4.034553,4.055977,243,878
2025-03-03 15:05:37,4.044746,0.997430,4.033397,4.054601,243,879
2025-03-03 15:05:38,4.046579,0.997232,4.034711,4.054960,243,880
2025-03-03 15:05:39,4.042689,0.996663,4.033050,4.055752,243,881
2025-03-03 15:05:40,4.043226,0.996608,4.030602,4.055710,244,882
2025-03-03 15:05:41,4.042734,0.996718,4.029912,4.057276,244,884
2025-03-03 15:05:42,4.042734,0.996829,4.029387,4.055501,245,885
2025-03-03 15:05:44,4.042645,0.997051,4.031949,4.056489,245,886
2025-03-03 15:05:45,4.042868,0.997359,4.035769,4.054730,245,887
2025-03-03 15:05:46,4.043941,0.997573,4.034438,4.056473,245,888
2025-03-03 15:05:47,4.044478,0.997066,4.034719,4.055769,246,889
2025-03-03 15:05:48,4.043897,0.997391,4.034443,4.054721,246,890
2025-03-03 15:05:49,4.046042,0.997699,4.035333,4.054601,246,891
2025-03-03 15:05:50,4.044791,0.997446,4.033432,4.056320,247,892
2025-03-03 15:05:51,4.041572,0.996631,4.029405,4.057048,247,893
2025-03-03 15:05:52,4.041974,0.996631,4.030749,4.053035,247,895
2025-03-03 15:05:53,4.042063,0.997312,4.031414,4.055102,248,896
2025-03-03 15:05:54,4.042600,0.997201,4.030096,4.055145,248,897
2025-03-03 15:05:56,4.044031,0.997090,4.035252,4.055604,248,898
2025-03-03 15:05:57,4.043897,0.996971,4.032920,4.055117,248,899
2025-03-03 15:05:58,4.043852,0.997059,4.034596,4.055470,249,900
2025-03-03 15:05:59,4.044075,0.997383,4.035597,4.055171,249,901
2025-03-03 15:06:00,4.043762,0.997375,4.033008,4.055410,249,902
2025-03-03 15:06:01,4.044746,0.997573,4.032881,4.056962,250,903
2025-03-03 15:06:02,4.043986,0.997027,4.030621,4.054866,250,904
2025-03-03 15:06:03,4.041572,0.997185,4.031323,4.054661,250,906
2025-03-03 15:06:04,4.040185,0.997312,4.031388,4.053393,251,907
2025-03-03 15:06:05,4.041438,0.996687,4.028430,4.054316,251,908
2025-03-03 15:06:07,4.041795,0.997193,4.031968,4.054542,251,909
2025-03-03 15:06:08,4.043137,0.997288,4.031240,4.056009,252,910
2025-03-03 15:06:09,4.043360,0.997090,4.032070,4.053275,252,911
2025-03-03 15:06:10,4.043807,0.997668,4.030876,4.055137,252,912
2025-03-03 15:06:11,4.043718,0.997414,4.033491,4.055379,252,913
2025-03-03 15:06:12,4.044120,0.997391,4.032438,4.055100,253,914
2025-03-03 15:06:13,4.040499,0.996386,4.031044,4.053072,253,915
2025-03-03 15:06:14,4.041259,0.996892,4.031947,4.052711,253,916
2025-03-03 15:06:15,4.041527,0.996995,4.029223,4.054772,253,917
2025-03-03 15:06:16,4.040946,0.996869,4.027464,4.055067,254,919
2025-03-03 15:06:18,4.040946,0.997153,4.027825,4.053764,254,920
2025-03-03 15:06:19,4.044165,0.997185,4.031966,4.054354,255,921
2025-03-03 15:06:20,4.043807,0.997620,4.033195,4.056041,255,922
2025-03-03 15:06:21,4.042019,0.997383,4.033856,4.055272,255,923
2025-03-03 15:06:22,4.044299,0.997541,4.032615,4.054845,255,924
2025-03-03 15:06:23,4.043897,0.997288,4.033071,4.054040,256,925
2025-03-03 15:06:24,4.042779,0.996853,4.028648,4.052765,256,926
2025-03-03 15:06:25,4.042734,0.996853,4.028579,4.053830,256,927
2025-03-03 15:06:26,4.040722,0.996884,4.030084,4.054515,257,928
2025-03-03 15:06:27,4.040096,0.996782,4.028247,4.054576,257,930
2025-03-03 15:06:29,4.040856,0.997201,4.027227,4.052976,257,931
2025-03-03 15:06:30,4.043673,0.997312,4.032943,4.054260,258,932
2025-03-03 15:06:31,4.044746,0.997873,4.035250,4.054952,258,933
2025-03-03 15:06:32,4.041482,0.997027,4.029870,4.054720,258,934
2025-03-03 15:06:33,4.043405,0.997873,4.031669,4.053358,258,935
2025-03-03 15:06:34,4.042287,0.997272,4.031713,4.052700,259,936
2025-03-03 15:06:35,4.042198,0.997035,4.027475,4.052466,259,937
2025-03-03 15:06:36,4.041393,0.996726,4.029165,4.052631,259,938
2025-03-03 15:06:37,4.042287,0.996837,4.028465,4.052696,260,939
2025-03-03 15:06:38,4.041438,0.996932,4.028296,4.051641,260,941
2025-03-03 15:06:40,4.041393,0.997391,4.029327,4.054331,260,942
2025-03-03 15:06:41,4.042779,0.997541,4.033309,4.054600,261,943
2025-03-03 15:06:42,4.043226,0.997399,4.033208,4.054247,261,944
2025-03-03 15:06:43,4.042377,0.997557,4.032162,4.053749,261,945
2025-03-03 15:06:44,4.043360,0.997106,4.031282,4.053291,261,946
2025-03-03 15:06:45,4.042645,0.997304,4.030657,4.055522,262,947
2025-03-03 15:06:46,4.043181,0.997248,4.028318,4.051730,262,948
2025-03-03 15:06:47,4.039247,0.996861,4.027471,4.051032,262,949
2025-03-03 15:06:48,4.038710,0.996710,4.027771,4.051745,263,950
2025-03-03 15:06:49,4.040722,0.996655,4.026660,4.051985,263,952
2025-03-03 15:06:50,4.040409,0.997003,4.025761,4.052636,263,953
2025-03-03 15:06:52,4.040230,0.997130,4.029103,4.050807,264,954
2025-03-03 15:06:53,4.041840,0.997533,4.030382,4.055378,264,955
2025-03-03 15:06:54,4.042019,0.997446,4.030397,4.053974,264,956
2025-03-03 15:06:55,4.042019,0.997272,4.031832,4.054887,265,957
2025-03-03 15:06:56,4.043137,0.997130,4.030589,4.051888,265,958
2025-03-03 15:06:57,4.041169,0.996940,4.028624,4.054118,265,959
2025-03-03 15:06:58,4.039470,0.997035,4.027498,4.052541,265,960
2025-03-03 15:06:59,4.039515,0.997232,4.027947,4.052021,266,961
2025-03-03 15:07:00,4.040812,0.996924,4.028399,4.050852,266,963
2025-03-03 15:07:01,4.038129,0.996829,4.026791,4.051113,266,964
2025-03-03 15:07:03,4.040230,0.997098,4.026801,4.050992,267,965
2025-03-03 15:07:04,4.041795,0.997193,4.029087,4.052641,267,966
2025-03-03 15:07:05,4.042466,0.997565,4.031760,4.052178,267,967
2025-03-03 15:07:06,4.040364,0.997240,4.030994,4.053137,268,968
2025-03-03 15:07:07,4.041438,0.997177,4.030319,4.052135,268,969
2025-03-03 15:07:08,4.042511,0.997304,4.029835,4.053378,268,970
2025-03-03 15:07:09,4.039917,0.996948,4.027697,4.051274,268,971
2025-03-03 15:07:10,4.038576,0.996916,4.029388,4.051099,269,972
2025-03-03 15:07:11,4.039515,0.996758,4.027078,4.052360,269,974
2025-03-03 15:07:12,4.039068,0.996774,4.027246,4.052468,270,975
2025-03-03 15:07:14,4.038889,0.997051,4.027090,4.050750,270,976
2025-03-03 15:07:15,4.039470,0.997185,4.028766,4.052977,270,977
2025-03-03 15:07:16,4.042153,0.997122,4.031363,4.054480,270,978
2025-03-03 15:07:17,4.039783,0.997225,4.031001,4.053643,271,979
2025-03-03 15:07:18,4.040722,0.997446,4.029917,4.051698,271,980
2025-03-03 15:07:19,4.041616,0.997217,4.030097,4.051538,271,981
2025-03-03 15:07:20,4.040856,0.997153,4.027548,4.053057,271,982
2025-03-03 15:07:21,4.038889,0.996710,4.026609,4.052745,272,983
2025-03-03 15:07:22,4.038665,0.996552,4.027689,4.052010,272,985
2025-03-03 15:07:23,4.040141,0.997035,4.025983,4.051994,273,986
2025-03-03 15:07:24,4.039157,0.997003,4.026920,4.051686,273,987
2025-03-03 15:07:26,4.038710,0.997122,4.028867,4.053206,273,988
2025-03-03 15:07:27,4.041482,0.997312,4.028612,4.052751,273,989
2025-03-03 15:07:28,4.039694,0.997446,4.028938,4.049868,274,990
2025-03-03 15:07:29,4.042063,0.997201,4.029198,4.052360,274,991
2025-03-03 15:07:30,4.040364,0.997240,4.029527,4.050705,274,992
2025-03-03 15:07:31,4.040812,0.997145,4.028544,4.052503,275,993
2025-03-03 15:07:32,4.040185,0.996481,4.027678,4.053460,275,994
2025-03-03 15:07:33,4.037458,0.997027,4.025562,4.052822,275,996
2025-03-03 15:07:34,4.038531,0.997161,4.026103,4.051385,276,997
2025-03-03 15:07:35,4.038174,0.996639,4.025160,4.050032,276,998
2025-03-03 15:07:37,4.038979,0.996908,4.027586,4.052332,276,999
2025-03-03 15:07:38,4.039157,0.997343,4.029790,4.051425,276,1000
2025-03-03 15:07:39,4.039739,0.997335,4.029813,4.052035,277,1001
2025-03-03 15:07:40,4.040409,0.997019,4.027013,4.051827,277,1002
2025-03-03 15:07:41,4.039783,0.997027,4.027966,4.051727,277,1003
2025-03-03 15:07:42,4.041616,0.997414,4.029133,4.051308,278,1004
2025-03-03 15:07:43,4.038442,0.997153,4.025439,4.052891,278,1005
2025-03-03 15:07:44,4.038442,0.997059,4.025989,4.051388,278,1007
2025-03-03 15:07:45,4.038039,0.996940,4.025740,4.048195,279,1008
2025-03-03 15:07:46,4.039023,0.996837,4.025031,4.049518,279,1009
2025-03-03 15:07:48,4.037324,0.997114,4.027930,4.051005,279,1010
2025-03-03 15:07:49,4.039828,0.996821,4.029126,4.050675,279,1011
2025-03-03 15:07:50,4.039828,0.997130,4.030678,4.049375,280,1012
2025-03-03 15:07:51,4.039962,0.997327,4.030437,4.048862,280,1013
2025-03-03 15:07:52,4.039068,0.996805,4.026690,4.048942,280,1014
2025-03-03 15:07:53,4.039113,0.997280,4.028342,4.050476,281,1015
2025-03-03 15:07:54,4.037235,0.997201,4.024975,4.050835,281,1016
2025-03-03 15:07:55,4.039425,0.996900,4.025892,4.050495,281,1017
2025-03-03 15:07:56,4.037860,0.997122,4.026405,4.050417,282,1019
2025-03-03 15:07:57,4.036922,0.996829,4.024094,4.049920,282,1020
2025-03-03 15:07:59,4.037771,0.996964,4.026516,4.049435,282,1021
2025-03-03 15:08:00,4.039873,0.997193,4.029477,4.049315,283,1022
2025-03-03 15:08:01,4.040230,0.997193,4.028840,4.050666,283,1023
2025-03-03 15:08:02,4.038397,0.996861,4.026892,4.050970,283,1024
2025-03-03 15:08:03,4.039739,0.996971,4.027346,4.050742,283,1025
2025-03-03 15:08:04,4.038129,0.997691,4.029491,4.049041,284,1026
2025-03-03 15:08:05,4.037995,0.996805,4.025085,4.049202,284,1027
2025-03-03 15:08:06,4.038263,0.996861,4.025018,4.049057,284,1028
2025-03-03 15:08:07,4.038174,0.996987,4.026250,4.050293,284,1029
2025-03-03 15:08:08,4.037056,0.996758,4.023236,4.050496,285,1031
2025-03-03 15:08:09,4.037279,0.996995,4.025020,4.049025,285,1032
2025-03-03 15:08:11,4.037145,0.997043,4.024127,4.049629,286,1033
2025-03-03 15:08:12,4.039828,0.997327,4.029085,4.049838,286,1034
2025-03-03 15:08:13,4.039694,0.997232,4.026936,4.050567,286,1035
2025-03-03 15:08:14,4.038979,0.997976,4.031771,4.050178,286,1036
2025-03-03 15:08:15,4.039604,0.997145,4.029629,4.051582,287,1037
2025-03-03 15:08:16,4.040767,0.997098,4.025668,4.050226,287,1038
2025-03-03 15:08:17,4.038531,0.997248,4.025928,4.048579,287,1039
